date,retailer,shape,carat,color,clarity,cut,polish,symmetry,fluorescence,certificate_lab,certificate_number,price_usd,price_per_carat,product_url,scraped_at
2026-04-23,VRAI,round-brilliant,0.99,D,VS1,Excellent,Excellent,Excellent,,,,1133.0,1144.44,https://www.vrai.com/diamonds/F661094,2026-04-23T00:41:27Z
2026-04-23,VRAI,round-brilliant,1.04,D,VS2,Excellent,Excellent,Excellent,,,,1158.0,1113.46,https://www.vrai.com/diamonds/F660946,2026-04-23T00:41:27Z
2026-04-23,VRAI,round-brilliant,1.02,D,VS1,Excellent,Excellent,Excellent,,,,1179.0,1155.88,https://www.vrai.com/diamonds/F661450,2026-04-23T00:41:27Z
2026-04-23,VRAI,round-brilliant,1.03,D,VS1,Excellent,Excellent,Excellent,,,,1197.0,1162.14,https://www.vrai.com/diamonds/F660950,2026-04-23T00:41:27Z
2026-04-23,VRAI,round-brilliant,1.04,D,VS1,Excellent,Excellent,Excellent,,,,1214.0,1167.31,https://www.vrai.com/diamonds/F660662,2026-04-23T00:41:27Z
2026-04-23,VRAI,round-brilliant,1.05,D,VS1,Excellent,Excellent,Excellent,,,,1232.0,1173.33,https://www.vrai.com/diamonds/F661274,2026-04-23T00:41:27Z
2026-04-23,VRAI,round-brilliant,1.02,D,VVS2,Excellent,Excellent,Excellent,,,,1297.0,1271.57,https://www.vrai.com/diamonds/F661865,2026-04-23T00:41:27Z
2026-04-23,VRAI,round-brilliant,1.09,D,VS1,Excellent,Excellent,Excellent,,,,1303.0,1195.41,https://www.vrai.com/diamonds/F657023,2026-04-23T00:41:27Z
2026-04-23,VRAI,round-brilliant,1.03,D,VVS2,Excellent,Excellent,Excellent,,,,1316.0,1277.67,https://www.vrai.com/diamonds/F661697,2026-04-23T00:41:27Z
2026-04-23,VRAI,round-brilliant,1.04,D,VVS2,Excellent,Excellent,Excellent,,,,1336.0,1284.62,https://www.vrai.com/diamonds/F660680,2026-04-23T00:41:27Z
2026-04-23,VRAI,round-brilliant,1.05,D,VVS2,Excellent,Excellent,Excellent,,,,1355.0,1290.48,https://www.vrai.com/diamonds/F661275,2026-04-23T00:41:27Z
2026-04-23,VRAI,round-brilliant,1.07,D,VVS2,Excellent,Excellent,Excellent,,,,1394.0,1302.8,https://www.vrai.com/diamonds/F656669,2026-04-23T00:41:27Z
2026-04-23,VRAI,round-brilliant,1.08,D,VVS2,Excellent,Excellent,Excellent,,,,1414.0,1309.26,https://www.vrai.com/diamonds/F656986,2026-04-23T00:41:27Z
2026-04-23,VRAI,round-brilliant,1.02,D,VVS1,Excellent,Excellent,Excellent,,,,1427.0,1399.02,https://www.vrai.com/diamonds/F661300,2026-04-23T00:41:27Z
2026-04-23,VRAI,round-brilliant,1.09,D,VVS2,Excellent,Excellent,Excellent,,,,1433.0,1314.68,https://www.vrai.com/diamonds/F656698,2026-04-23T00:41:27Z
2026-04-23,VRAI,round-brilliant,1.03,D,VVS1,Excellent,Excellent,Excellent,,,,1448.0,1405.83,https://www.vrai.com/diamonds/F661724,2026-04-23T00:41:27Z
2026-04-23,VRAI,round-brilliant,1.05,D,VVS1,Excellent,Excellent,Excellent,,,,1491.0,1420.0,https://www.vrai.com/diamonds/F661277,2026-04-23T00:41:27Z
2026-04-23,VRAI,round-brilliant,2.03,D,VS1,Excellent,Excellent,Excellent,,,,3311.0,1631.03,https://www.vrai.com/diamonds/F658398,2026-04-23T00:41:27Z
2026-04-23,VRAI,round-brilliant,2.19,D,VS1,Excellent,Excellent,Excellent,,,,3711.0,1694.52,https://www.vrai.com/diamonds/F659420,2026-04-23T00:41:27Z
2026-04-23,VRAI,round-brilliant,2.21,D,VVS2,Excellent,Excellent,Excellent,,,,4138.0,1872.4,https://www.vrai.com/diamonds/F659389,2026-04-23T00:41:27Z
2026-04-23,VRAI,round-brilliant,2.3,D,VVS2,Excellent,Excellent,Excellent,,,,4393.0,1910.0,https://www.vrai.com/diamonds/F658831,2026-04-23T00:41:27Z
2026-04-23,VRAI,round-brilliant,1.02,E,VS2,Excellent,Excellent,Excellent,,,,1051.0,1030.39,https://www.vrai.com/diamonds/F623100,2026-04-23T00:41:33Z
2026-04-23,VRAI,round-brilliant,1.05,E,VS2,Excellent,Excellent,Excellent,,,,1098.0,1045.71,https://www.vrai.com/diamonds/F661371,2026-04-23T00:41:33Z
2026-04-23,VRAI,round-brilliant,1.02,E,VS1,Excellent,Excellent,Excellent,,,,1102.0,1080.39,https://www.vrai.com/diamonds/F623570,2026-04-23T00:41:33Z
2026-04-23,VRAI,round-brilliant,1.03,E,VS1,Excellent,Excellent,Excellent,,,,1119.0,1086.41,https://www.vrai.com/diamonds/F661551,2026-04-23T00:41:33Z
2026-04-23,VRAI,round-brilliant,1.04,E,VS1,Excellent,Excellent,Excellent,,,,1135.0,1091.35,https://www.vrai.com/diamonds/F660677,2026-04-23T00:41:33Z
2026-04-23,VRAI,round-brilliant,1.05,E,VS1,Excellent,Excellent,Excellent,,,,1151.0,1096.19,https://www.vrai.com/diamonds/F661368,2026-04-23T00:41:33Z
2026-04-23,VRAI,round-brilliant,1.02,E,VVS2,Excellent,Excellent,Excellent,,,,1212.0,1188.24,https://www.vrai.com/diamonds/F623223,2026-04-23T00:41:33Z
2026-04-23,VRAI,round-brilliant,1.03,E,VVS2,Excellent,Excellent,Excellent,,,,1230.0,1194.17,https://www.vrai.com/diamonds/F661290,2026-04-23T00:41:33Z
2026-04-23,VRAI,round-brilliant,1.04,E,VVS2,Excellent,Excellent,Excellent,,,,1248.0,1200.0,https://www.vrai.com/diamonds/F660938,2026-04-23T00:41:33Z
2026-04-23,VRAI,round-brilliant,1.05,E,VVS2,Excellent,Excellent,Excellent,,,,1266.0,1205.71,https://www.vrai.com/diamonds/F661249,2026-04-23T00:41:33Z
2026-04-23,VRAI,round-brilliant,1.29,E,SI1,Excellent,Excellent,Excellent,,,,1296.0,1004.65,https://www.vrai.com/diamonds/F590144,2026-04-23T00:41:33Z
2026-04-23,VRAI,round-brilliant,1.02,E,VVS1,Excellent,Excellent,Excellent,,,,1334.0,1307.84,https://www.vrai.com/diamonds/F661909,2026-04-23T00:41:33Z
2026-04-23,VRAI,round-brilliant,1.03,E,VVS1,Excellent,Excellent,Excellent,,,,1353.0,1313.59,https://www.vrai.com/diamonds/F661604,2026-04-23T00:41:33Z
2026-04-23,VRAI,round-brilliant,1.04,E,VVS1,Excellent,Excellent,Excellent,,,,1373.0,1320.19,https://www.vrai.com/diamonds/F660952,2026-04-23T00:41:33Z
2026-04-23,VRAI,round-brilliant,1.01,E,VS1,Excellent,Excellent,Excellent,,,,1505.0,1490.1,https://www.vrai.com/diamonds/F623138,2026-04-23T00:41:33Z
2026-04-23,VRAI,round-brilliant,1.01,E,VVS2,Excellent,Excellent,Excellent,,,,1656.0,1639.6,https://www.vrai.com/diamonds/F623746,2026-04-23T00:41:33Z
2026-04-23,VRAI,round-brilliant,1.27,E,VVS1,Excellent,Excellent,Excellent,,,,1853.0,1459.06,https://www.vrai.com/diamonds/F661076,2026-04-23T00:41:33Z
2026-04-23,VRAI,round-brilliant,1.64,E,VS2,Excellent,Excellent,Excellent,,,,2143.0,1306.71,https://www.vrai.com/diamonds/F603682,2026-04-23T00:41:33Z
2026-04-23,VRAI,round-brilliant,1.64,E,VS1,Excellent,Excellent,Excellent,,,,2247.0,1370.12,https://www.vrai.com/diamonds/F615680,2026-04-23T00:41:33Z
2026-04-23,VRAI,round-brilliant,1.54,E,VVS2,Excellent,Excellent,Excellent,,,,2249.0,1460.39,https://www.vrai.com/diamonds/F663361,2026-04-23T00:41:33Z
2026-04-23,VRAI,round-brilliant,1.65,E,VS1,Excellent,Excellent,Excellent,,,,2268.0,1374.55,https://www.vrai.com/diamonds/F583371,2026-04-23T00:41:33Z
2026-04-23,VRAI,round-brilliant,1.67,E,VS1,Excellent,Excellent,Excellent,,,,2309.0,1382.63,https://www.vrai.com/diamonds/F618427,2026-04-23T00:41:33Z
2026-04-23,VRAI,round-brilliant,1.9,E,VS1,Excellent,Excellent,Excellent,,,,2802.0,1474.74,https://www.vrai.com/diamonds/F662920,2026-04-23T00:41:33Z
2026-04-23,VRAI,round-brilliant,2.08,E,VS1,Excellent,Excellent,Excellent,,,,3210.0,1543.27,https://www.vrai.com/diamonds/F658373,2026-04-23T00:41:33Z
2026-04-23,VRAI,round-brilliant,2.1,E,VVS2,Excellent,Excellent,Excellent,,,,3582.0,1705.71,https://www.vrai.com/diamonds/F658938,2026-04-23T00:41:33Z
2026-04-23,VRAI,round-brilliant,2.16,E,VVS2,Excellent,Excellent,Excellent,,,,3736.0,1729.63,https://www.vrai.com/diamonds/F658859,2026-04-23T00:41:33Z
2026-04-23,VRAI,round-brilliant,2.33,E,VS1,Excellent,Excellent,Excellent,,,,3806.0,1633.48,https://www.vrai.com/diamonds/F658513,2026-04-23T00:41:33Z
2026-04-23,VRAI,round-brilliant,2.25,E,VVS2,Excellent,Excellent,Excellent,,,,3972.0,1765.33,https://www.vrai.com/diamonds/F659469,2026-04-23T00:41:33Z
2026-04-23,VRAI,round-brilliant,2.27,E,VVS2,Excellent,Excellent,Excellent,,,,4025.0,1773.13,https://www.vrai.com/diamonds/F659399,2026-04-23T00:41:33Z
2026-04-23,VRAI,round-brilliant,2.31,E,VVS2,Excellent,Excellent,Excellent,,,,4132.0,1788.74,https://www.vrai.com/diamonds/F659442,2026-04-23T00:41:33Z
2026-04-23,VRAI,round-brilliant,2.34,E,VVS2,Excellent,Excellent,Excellent,,,,4213.0,1800.43,https://www.vrai.com/diamonds/F659418,2026-04-23T00:41:33Z
2026-04-23,VRAI,round-brilliant,2.35,E,VVS2,Excellent,Excellent,Excellent,,,,4240.0,1804.26,https://www.vrai.com/diamonds/F659264,2026-04-23T00:41:33Z
2026-04-23,VRAI,round-brilliant,2.36,E,VVS2,Excellent,Excellent,Excellent,,,,4267.0,1808.05,https://www.vrai.com/diamonds/F659086,2026-04-23T00:41:33Z
2026-04-23,VRAI,round-brilliant,2.39,E,VVS2,Excellent,Excellent,Excellent,,,,4349.0,1819.67,https://www.vrai.com/diamonds/F659443,2026-04-23T00:41:33Z
2026-04-23,VRAI,round-brilliant,2.4,E,VVS2,Excellent,Excellent,Excellent,,,,4376.0,1823.33,https://www.vrai.com/diamonds/F659437,2026-04-23T00:41:33Z
2026-04-23,VRAI,round-brilliant,1.03,F,VS2,Excellent,Excellent,Excellent,,,,997.0,967.96,https://www.vrai.com/diamonds/F661334,2026-04-23T00:41:43Z
2026-04-23,VRAI,round-brilliant,1.05,F,VS2,Excellent,Excellent,Excellent,,,,1026.0,977.14,https://www.vrai.com/diamonds/F660937,2026-04-23T00:41:43Z
2026-04-23,VRAI,round-brilliant,1.02,F,VVS2,Excellent,Excellent,Excellent,,,,1133.0,1110.78,https://www.vrai.com/diamonds/F663829,2026-04-23T00:41:43Z
2026-04-23,VRAI,round-brilliant,1.03,F,VVS2,Excellent,Excellent,Excellent,,,,1150.0,1116.5,https://www.vrai.com/diamonds/F661150,2026-04-23T00:41:43Z
2026-04-23,VRAI,round-brilliant,1.04,F,VVS2,Excellent,Excellent,Excellent,,,,1167.0,1122.12,https://www.vrai.com/diamonds/F661252,2026-04-23T00:41:43Z
2026-04-23,VRAI,round-brilliant,1.03,F,VVS1,Excellent,Excellent,Excellent,,,,1265.0,1228.16,https://www.vrai.com/diamonds/F661911,2026-04-23T00:41:43Z
2026-04-23,VRAI,round-brilliant,1.04,F,VVS1,Excellent,Excellent,Excellent,,,,1283.0,1233.65,https://www.vrai.com/diamonds/F661915,2026-04-23T00:41:43Z
2026-04-23,VRAI,round-brilliant,1.02,F,VS2,Excellent,Excellent,Excellent,,,,1322.0,1296.08,https://www.vrai.com/diamonds/F623086,2026-04-23T00:41:43Z
2026-04-23,VRAI,round-brilliant,1.0,F,VS1,Excellent,,,,,,1350.0,1350.0,https://www.vrai.com/diamonds/F622127,2026-04-23T00:41:43Z
2026-04-23,VRAI,round-brilliant,1.25,F,VVS2,Excellent,Excellent,Excellent,,,,1537.0,1229.6,https://www.vrai.com/diamonds/F661021,2026-04-23T00:41:43Z
2026-04-23,VRAI,round-brilliant,1.64,F,SI1,Excellent,Excellent,Excellent,,,,1736.0,1058.54,https://www.vrai.com/diamonds/F5026319,2026-04-23T00:41:43Z
2026-04-23,VRAI,round-brilliant,1.7,F,SI1,Excellent,Excellent,Excellent,,,,1832.0,1077.65,https://www.vrai.com/diamonds/F5033748,2026-04-23T00:41:43Z
2026-04-23,VRAI,round-brilliant,1.65,F,VS2,Excellent,Excellent,Excellent,,,,2021.0,1224.85,https://www.vrai.com/diamonds/F616875,2026-04-23T00:41:43Z
2026-04-23,VRAI,round-brilliant,1.71,F,SI1,Excellent,Excellent,Excellent,,,,2033.0,1188.89,https://www.vrai.com/diamonds/F567251,2026-04-23T00:41:43Z
2026-04-23,VRAI,round-brilliant,1.67,F,VS2,Excellent,Excellent,Excellent,,,,2058.0,1232.34,https://www.vrai.com/diamonds/F5034130,2026-04-23T00:41:43Z
2026-04-23,VRAI,round-brilliant,1.53,F,VVS2,Excellent,Excellent,Excellent,,,,2082.0,1360.78,https://www.vrai.com/diamonds/F663354,2026-04-23T00:41:43Z
2026-04-23,VRAI,round-brilliant,1.54,F,VVS2,Excellent,Excellent,Excellent,,,,2102.0,1364.94,https://www.vrai.com/diamonds/F663810,2026-04-23T00:41:43Z
2026-04-23,VRAI,round-brilliant,1.65,F,VS1,Excellent,Excellent,Excellent,,,,2119.0,1284.24,https://www.vrai.com/diamonds/F618697,2026-04-23T00:41:43Z
2026-04-23,VRAI,round-brilliant,1.66,F,VS1,Excellent,Excellent,Excellent,,,,2139.0,1288.55,https://www.vrai.com/diamonds/F619866,2026-04-23T00:41:43Z
2026-04-23,VRAI,round-brilliant,1.68,F,VS1,Excellent,Excellent,Excellent,,,,2178.0,1296.43,https://www.vrai.com/diamonds/F587772,2026-04-23T00:41:43Z
2026-04-23,VRAI,round-brilliant,1.72,F,VS1,Excellent,Excellent,Excellent,,,,2256.0,1311.63,https://www.vrai.com/diamonds/F623713,2026-04-23T00:41:43Z
2026-04-23,VRAI,round-brilliant,1.73,F,VS1,Excellent,Excellent,Excellent,,,,2275.0,1315.03,https://www.vrai.com/diamonds/F618636,2026-04-23T00:41:43Z
2026-04-23,VRAI,round-brilliant,1.65,F,VVS2,Excellent,Excellent,Excellent,,,,2331.0,1412.73,https://www.vrai.com/diamonds/F620057,2026-04-23T00:41:43Z
2026-04-23,VRAI,round-brilliant,2.29,F,SI1,Excellent,Excellent,Excellent,,,,3150.0,1375.55,https://www.vrai.com/diamonds/F555651,2026-04-23T00:41:43Z
2026-04-23,VRAI,round-brilliant,2.25,F,VS1,Excellent,Excellent,Excellent,,,,3375.0,1500.0,https://www.vrai.com/diamonds/F658982,2026-04-23T00:41:43Z
2026-04-23,VRAI,round-brilliant,2.31,F,VS1,Excellent,Excellent,Excellent,,,,3511.0,1519.91,https://www.vrai.com/diamonds/F659560,2026-04-23T00:41:43Z
2026-04-23,VRAI,round-brilliant,2.48,F,VVS2,Excellent,Excellent,Excellent,,,,4296.0,1732.26,https://www.vrai.com/diamonds/F662363,2026-04-23T00:41:43Z
2026-04-23,VRAI,round-brilliant,1.19,G,SI1,Excellent,Excellent,Excellent,,,,629.0,528.57,https://www.vrai.com/diamonds/F5016212,2026-04-23T00:41:52Z
2026-04-23,VRAI,round-brilliant,1.21,G,SI1,Excellent,Excellent,Excellent,,,,643.0,531.4,https://www.vrai.com/diamonds/F5022471,2026-04-23T00:41:52Z
2026-04-23,VRAI,round-brilliant,1.33,G,SI1,Excellent,Excellent,Excellent,,,,727.0,546.62,https://www.vrai.com/diamonds/F555735,2026-04-23T00:41:52Z
2026-04-23,VRAI,round-brilliant,1.35,G,SI1,Excellent,Excellent,Excellent,,,,742.0,549.63,https://www.vrai.com/diamonds/F566168,2026-04-23T00:41:52Z
2026-04-23,VRAI,round-brilliant,1.36,G,SI1,Excellent,Excellent,Excellent,,,,749.0,550.74,https://www.vrai.com/diamonds/F5009293,2026-04-23T00:41:52Z
2026-04-23,VRAI,round-brilliant,1.37,G,SI1,Excellent,Excellent,Excellent,,,,756.0,551.82,https://www.vrai.com/diamonds/F534501,2026-04-23T00:41:52Z
2026-04-23,VRAI,round-brilliant,1.38,G,SI1,Excellent,Excellent,Excellent,,,,763.0,552.9,https://www.vrai.com/diamonds/F5026341,2026-04-23T00:41:52Z
2026-04-23,VRAI,round-brilliant,1.34,G,SI1,Excellent,Excellent,Excellent,,,,808.0,602.99,https://www.vrai.com/diamonds/F542185,2026-04-23T00:41:52Z
2026-04-23,VRAI,round-brilliant,1.35,G,SI1,Excellent,Excellent,Excellent,,,,816.0,604.44,https://www.vrai.com/diamonds/F529811,2026-04-23T00:41:52Z
2026-04-23,VRAI,round-brilliant,1.36,G,SI1,Excellent,Excellent,Excellent,,,,824.0,605.88,https://www.vrai.com/diamonds/F551651,2026-04-23T00:41:52Z
2026-04-23,VRAI,round-brilliant,1.37,G,SI1,Excellent,Excellent,Excellent,,,,832.0,607.3,https://www.vrai.com/diamonds/F529591,2026-04-23T00:41:52Z
2026-04-23,VRAI,round-brilliant,1.39,G,SI1,Excellent,Excellent,Excellent,,,,847.0,609.35,https://www.vrai.com/diamonds/F551046,2026-04-23T00:41:52Z
2026-04-23,VRAI,round-brilliant,1.35,G,VS2,Excellent,Excellent,Excellent,,,,856.0,634.07,https://www.vrai.com/diamonds/F5009238,2026-04-23T00:41:52Z
2026-04-23,VRAI,round-brilliant,1.41,G,SI1,Excellent,Excellent,Excellent,,,,863.0,612.06,https://www.vrai.com/diamonds/F529805,2026-04-23T00:41:52Z
2026-04-23,VRAI,round-brilliant,1.36,G,VS2,Excellent,Excellent,Excellent,,,,864.0,635.29,https://www.vrai.com/diamonds/F534580,2026-04-23T00:41:52Z
2026-04-23,VRAI,round-brilliant,1.43,G,SI1,Excellent,Excellent,Excellent,,,,879.0,614.69,https://www.vrai.com/diamonds/F529715,2026-04-23T00:41:52Z
2026-04-23,VRAI,round-brilliant,1.55,G,SI1,Excellent,Excellent,Excellent,,,,888.0,572.9,https://www.vrai.com/diamonds/F9008522,2026-04-23T00:41:52Z
2026-04-23,VRAI,round-brilliant,1.33,G,VS2,Excellent,Excellent,Excellent,,,,923.0,693.98,https://www.vrai.com/diamonds/F523203,2026-04-23T00:41:52Z
2026-04-23,VRAI,round-brilliant,1.34,G,VS2,Excellent,Excellent,Excellent,,,,932.0,695.52,https://www.vrai.com/diamonds/F527104,2026-04-23T00:41:52Z
2026-04-23,VRAI,round-brilliant,1.62,G,SI1,Excellent,Excellent,Excellent,,,,940.0,580.25,https://www.vrai.com/diamonds/F544190,2026-04-23T00:41:52Z
2026-04-23,VRAI,round-brilliant,1.37,G,VS2,Excellent,Excellent,Excellent,,,,959.0,700.0,https://www.vrai.com/diamonds/F536387,2026-04-23T00:41:52Z
2026-04-23,VRAI,round-brilliant,1.43,G,SI1,Ideal+Hearts,Excellent,Excellent,,,,967.0,676.22,https://www.vrai.com/diamonds/F553113,2026-04-23T00:41:52Z
2026-04-23,VRAI,round-brilliant,1.56,G,SI1,Excellent,Excellent,Excellent,,,,984.0,630.77,https://www.vrai.com/diamonds/F551575,2026-04-23T00:41:52Z
2026-04-23,VRAI,round-brilliant,1.57,G,SI1,Excellent,Excellent,Excellent,,,,993.0,632.48,https://www.vrai.com/diamonds/F534553,2026-04-23T00:41:52Z
2026-04-23,VRAI,round-brilliant,1.71,G,SI1,Excellent,Excellent,Excellent,,,,1008.0,589.47,https://www.vrai.com/diamonds/F5033699,2026-04-23T00:41:52Z
2026-04-23,VRAI,round-brilliant,1.72,G,SI1,Excellent,Excellent,Excellent,,,,1016.0,590.7,https://www.vrai.com/diamonds/F9004393,2026-04-23T00:41:52Z
2026-04-23,VRAI,round-brilliant,1.73,G,SI1,Excellent,Excellent,Excellent,,,,1024.0,591.91,https://www.vrai.com/diamonds/F534654,2026-04-23T00:41:52Z
2026-04-23,VRAI,round-brilliant,1.61,G,SI1,Excellent,Excellent,Excellent,,,,1026.0,637.27,https://www.vrai.com/diamonds/F552437,2026-04-23T00:41:52Z
2026-04-23,VRAI,round-brilliant,1.65,G,SI1,Excellent,Excellent,Excellent,,,,1059.0,641.82,https://www.vrai.com/diamonds/F551514,2026-04-23T00:41:52Z
2026-04-23,VRAI,round-brilliant,1.66,G,SI1,Excellent,Excellent,Excellent,,,,1067.0,642.77,https://www.vrai.com/diamonds/F529634,2026-04-23T00:41:52Z
2026-04-23,VRAI,round-brilliant,1.67,G,SI1,Excellent,Excellent,Excellent,,,,1076.0,644.31,https://www.vrai.com/diamonds/F564031,2026-04-23T00:41:52Z
2026-04-23,VRAI,round-brilliant,1.8,G,SI1,Excellent,Excellent,Excellent,,,,1078.0,598.89,https://www.vrai.com/diamonds/F534567,2026-04-23T00:41:52Z
2026-04-23,VRAI,round-brilliant,1.81,G,SI1,Excellent,Excellent,Excellent,,,,1086.0,600.0,https://www.vrai.com/diamonds/F5007836,2026-04-23T00:41:52Z
2026-04-23,VRAI,round-brilliant,1.7,G,SI1,Excellent,Excellent,Excellent,,,,1101.0,647.65,https://www.vrai.com/diamonds/F551521,2026-04-23T00:41:52Z
2026-04-23,VRAI,round-brilliant,1.64,G,VS2,Excellent,Excellent,Excellent,,,,1102.0,671.95,https://www.vrai.com/diamonds/F526227,2026-04-23T00:41:52Z
2026-04-23,VRAI,round-brilliant,1.84,G,SI1,Excellent,Excellent,Excellent,,,,1109.0,602.72,https://www.vrai.com/diamonds/F5023018,2026-04-23T00:41:52Z
2026-04-23,VRAI,round-brilliant,1.71,G,SI1,Excellent,Excellent,Excellent,,,,1109.0,648.54,https://www.vrai.com/diamonds/F534655,2026-04-23T00:41:52Z
2026-04-23,VRAI,round-brilliant,1.65,G,VS2,Excellent,Excellent,Excellent,,,,1111.0,673.33,https://www.vrai.com/diamonds/F534653,2026-04-23T00:41:52Z
2026-04-23,VRAI,round-brilliant,1.66,G,VS2,Excellent,Excellent,Excellent,,,,1119.0,674.1,https://www.vrai.com/diamonds/F5009255,2026-04-23T00:41:52Z
2026-04-23,VRAI,round-brilliant,1.86,G,SI1,Excellent,Excellent,Excellent,,,,1125.0,604.84,https://www.vrai.com/diamonds/F5034312,2026-04-23T00:41:52Z
2026-04-23,VRAI,round-brilliant,1.67,G,VS2,Excellent,Excellent,Excellent,,,,1128.0,675.45,https://www.vrai.com/diamonds/F540137,2026-04-23T00:41:52Z
2026-04-23,VRAI,round-brilliant,1.68,G,VS2,Excellent,Excellent,Excellent,,,,1137.0,676.79,https://www.vrai.com/diamonds/F9004302,2026-04-23T00:41:52Z
2026-04-23,VRAI,round-brilliant,1.69,G,VS2,Excellent,Excellent,Excellent,,,,1146.0,678.11,https://www.vrai.com/diamonds/F5008068,2026-04-23T00:41:52Z
2026-04-23,VRAI,round-brilliant,1.65,G,VS1,Excellent,Excellent,Excellent,,,,1165.0,706.06,https://www.vrai.com/diamonds/F9003704,2026-04-23T00:41:52Z
2026-04-23,VRAI,round-brilliant,1.78,G,SI1,Excellent,Excellent,Excellent,,,,1169.0,656.74,https://www.vrai.com/diamonds/F564067,2026-04-23T00:41:52Z
2026-04-23,VRAI,round-brilliant,1.66,G,VS1,Excellent,Excellent,Excellent,,,,1174.0,707.23,https://www.vrai.com/diamonds/F564560,2026-04-23T00:41:52Z
2026-04-23,VRAI,round-brilliant,1.23,G,VS1,Excellent,Excellent,Excellent,,,,1182.0,960.98,https://www.vrai.com/diamonds/F5024531,2026-04-23T00:41:52Z
2026-04-23,VRAI,round-brilliant,1.67,G,VS1,Excellent,Excellent,Excellent,,,,1183.0,708.38,https://www.vrai.com/diamonds/F9004477,2026-04-23T00:41:52Z
2026-04-23,VRAI,round-brilliant,1.8,G,SI1,Excellent,Excellent,Excellent,,,,1186.0,658.89,https://www.vrai.com/diamonds/F534471,2026-04-23T00:41:52Z
2026-04-23,VRAI,round-brilliant,1.75,G,VS2,Excellent,Excellent,Excellent,,,,1199.0,685.14,https://www.vrai.com/diamonds/F5031498,2026-04-23T00:41:52Z
2026-04-23,VRAI,round-brilliant,1.63,G,VS2,Excellent,Excellent,Excellent,,,,1202.0,737.42,https://www.vrai.com/diamonds/F549178,2026-04-23T00:41:52Z
2026-04-23,VRAI,round-brilliant,1.82,G,SI1,Excellent,Excellent,Excellent,,,,1203.0,660.99,https://www.vrai.com/diamonds/F534459,2026-04-23T00:41:52Z
2026-04-23,VRAI,round-brilliant,1.64,G,VS2,Excellent,Excellent,Excellent,,,,1212.0,739.02,https://www.vrai.com/diamonds/F551513,2026-04-23T00:41:52Z
2026-04-23,VRAI,round-brilliant,1.84,G,SI1,Excellent,Excellent,Excellent,,,,1220.0,663.04,https://www.vrai.com/diamonds/F534458,2026-04-23T00:41:52Z
2026-04-23,VRAI,round-brilliant,1.71,G,VS1,Excellent,Excellent,Excellent,,,,1220.0,713.45,https://www.vrai.com/diamonds/F534557,2026-04-23T00:41:52Z
2026-04-23,VRAI,round-brilliant,1.65,G,VS2,Excellent,Excellent,Excellent,,,,1222.0,740.61,https://www.vrai.com/diamonds/F3000601,2026-04-23T00:41:52Z
2026-04-23,VRAI,round-brilliant,1.85,G,SI1,Excellent,Excellent,Excellent,,,,1229.0,664.32,https://www.vrai.com/diamonds/F534664,2026-04-23T00:41:52Z
2026-04-23,VRAI,round-brilliant,1.72,G,VS1,Excellent,Excellent,Excellent,,,,1229.0,714.53,https://www.vrai.com/diamonds/F9004070,2026-04-23T00:41:52Z
2026-04-23,VRAI,round-brilliant,1.79,G,VS2,Excellent,Excellent,Excellent,,,,1235.0,689.94,https://www.vrai.com/diamonds/F5045470,2026-04-23T00:41:52Z
2026-04-23,VRAI,round-brilliant,1.86,G,SI1,Excellent,Excellent,Excellent,,,,1237.0,665.05,https://www.vrai.com/diamonds/F230799,2026-04-23T00:41:52Z
2026-04-23,VRAI,round-brilliant,1.73,G,SI1,Ideal+Hearts,Excellent,Excellent,,,,1239.0,716.18,https://www.vrai.com/diamonds/F529660,2026-04-23T00:41:52Z
2026-04-23,VRAI,round-brilliant,1.67,G,VS2,Excellent,Excellent,Excellent,,,,1241.0,743.11,https://www.vrai.com/diamonds/F550321,2026-04-23T00:41:52Z
2026-04-23,VRAI,round-brilliant,1.74,G,VS1,Excellent,Excellent,Excellent,,,,1248.0,717.24,https://www.vrai.com/diamonds/F9004259,2026-04-23T00:41:52Z
2026-04-23,VRAI,round-brilliant,1.75,G,VS1,Excellent,Excellent,Excellent,,,,1257.0,718.29,https://www.vrai.com/diamonds/F556741,2026-04-23T00:41:52Z
2026-04-23,VRAI,round-brilliant,1.69,G,VS2,Excellent,Excellent,Excellent,,,,1260.0,745.56,https://www.vrai.com/diamonds/F540122,2026-04-23T00:41:52Z
2026-04-23,VRAI,round-brilliant,1.76,G,VS1,Excellent,Excellent,Excellent,,,,1267.0,719.89,https://www.vrai.com/diamonds/F5031428,2026-04-23T00:41:52Z
2026-04-23,VRAI,round-brilliant,1.64,G,VS1,Excellent,Excellent,Excellent,,,,1271.0,775.0,https://www.vrai.com/diamonds/F529773,2026-04-23T00:41:52Z
2026-04-23,VRAI,round-brilliant,1.9,G,SI1,Excellent,Excellent,Excellent,,,,1272.0,669.47,https://www.vrai.com/diamonds/F534435,2026-04-23T00:41:52Z
2026-04-23,VRAI,round-brilliant,1.84,G,VS2,Excellent,Excellent,Excellent,,,,1280.0,695.65,https://www.vrai.com/diamonds/F552568,2026-04-23T00:41:52Z
2026-04-23,VRAI,round-brilliant,1.71,G,VS2,Excellent,Excellent,Excellent,,,,1280.0,748.54,https://www.vrai.com/diamonds/F556392,2026-04-23T00:41:52Z
2026-04-23,VRAI,round-brilliant,1.78,G,VS1,Excellent,Excellent,Excellent,,,,1286.0,722.47,https://www.vrai.com/diamonds/F544342,2026-04-23T00:41:52Z
2026-04-23,VRAI,round-brilliant,1.85,G,VS2,Excellent,Excellent,Excellent,,,,1289.0,696.76,https://www.vrai.com/diamonds/F9005191,2026-04-23T00:41:52Z
2026-04-23,VRAI,round-brilliant,1.66,G,VVS2,Excellent,Excellent,Excellent,,,,1291.0,777.71,https://www.vrai.com/diamonds/F591418,2026-04-23T00:41:52Z
2026-04-23,VRAI,round-brilliant,1.79,G,VS1,Excellent,Excellent,Excellent,,,,1295.0,723.46,https://www.vrai.com/diamonds/F551490,2026-04-23T00:41:52Z
2026-04-23,VRAI,round-brilliant,1.25,G,VS1,Excellent,,,,,,1306.0,1044.8,https://www.vrai.com/diamonds/F5027012,2026-04-23T00:41:52Z
2026-04-23,VRAI,round-brilliant,1.87,G,VS2,Excellent,Excellent,Excellent,,,,1307.0,698.93,https://www.vrai.com/diamonds/F562635,2026-04-23T00:41:52Z
2026-04-23,VRAI,round-brilliant,1.81,G,VS1,Excellent,Excellent,Excellent,,,,1314.0,725.97,https://www.vrai.com/diamonds/F9008323,2026-04-23T00:41:52Z
2026-04-23,VRAI,round-brilliant,1.83,G,VS1,Excellent,Excellent,Excellent,,,,1333.0,728.42,https://www.vrai.com/diamonds/F9004386,2026-04-23T00:41:52Z
2026-04-23,VRAI,round-brilliant,1.84,G,VS1,Excellent,Excellent,Excellent,,,,1342.0,729.35,https://www.vrai.com/diamonds/F9004109,2026-04-23T00:41:52Z
2026-04-23,VRAI,round-brilliant,1.78,G,VS2,Excellent,Excellent,Excellent,,,,1348.0,757.3,https://www.vrai.com/diamonds/F534468,2026-04-23T00:41:52Z
2026-04-23,VRAI,round-brilliant,1.79,G,VS2,Excellent,Excellent,Excellent,,,,1358.0,758.66,https://www.vrai.com/diamonds/F556349,2026-04-23T00:41:52Z
2026-04-23,VRAI,round-brilliant,1.83,G,VS2,Excellent,Excellent,Excellent,,,,1398.0,763.93,https://www.vrai.com/diamonds/F534446,2026-04-23T00:41:52Z
2026-04-23,VRAI,round-brilliant,1.84,G,VS2,Excellent,Excellent,Excellent,,,,1408.0,765.22,https://www.vrai.com/diamonds/F3000590,2026-04-23T00:41:52Z
2026-04-23,VRAI,round-brilliant,2.23,G,SI1,Excellent,Excellent,Excellent,,,,1424.0,638.57,https://www.vrai.com/diamonds/F522247,2026-04-23T00:41:52Z
2026-04-23,VRAI,round-brilliant,2.26,G,SI1,Excellent,Excellent,Excellent,,,,1449.0,641.15,https://www.vrai.com/diamonds/F559429,2026-04-23T00:41:52Z
2026-04-23,VRAI,round-brilliant,2.14,G,SI1,Excellent,Excellent,Excellent,,,,1485.0,693.93,https://www.vrai.com/diamonds/F551440,2026-04-23T00:41:52Z
2026-04-23,VRAI,round-brilliant,2.14,G,VS1,Excellent,Excellent,Excellent,,,,1633.0,763.08,https://www.vrai.com/diamonds/F9004242,2026-04-23T00:41:52Z
2026-04-23,VRAI,round-brilliant,2.23,G,VS2,Excellent,Excellent,Excellent,,,,1643.0,736.77,https://www.vrai.com/diamonds/F581618,2026-04-23T00:41:52Z
2026-04-23,VRAI,round-brilliant,2.15,G,VS1,Excellent,Excellent,Excellent,,,,1643.0,764.19,https://www.vrai.com/diamonds/F618629,2026-04-23T00:41:52Z
2026-04-23,VRAI,round-brilliant,2.17,G,VS1,Excellent,Excellent,Excellent,,,,1663.0,766.36,https://www.vrai.com/diamonds/F9004338,2026-04-23T00:41:52Z
2026-04-23,VRAI,round-brilliant,2.26,G,VS2,Excellent,Excellent,Excellent,,,,1672.0,739.82,https://www.vrai.com/diamonds/F5031104,2026-04-23T00:41:52Z
2026-04-23,VRAI,round-brilliant,2.27,G,VS2,Excellent,Excellent,Excellent,,,,1681.0,740.53,https://www.vrai.com/diamonds/F5031564,2026-04-23T00:41:52Z
2026-04-23,VRAI,round-brilliant,2.2,G,VS1,Excellent,Excellent,Excellent,,,,1693.0,769.55,https://www.vrai.com/diamonds/F600957,2026-04-23T00:41:52Z
2026-04-23,VRAI,round-brilliant,2.21,G,VS1,Excellent,Excellent,Excellent,,,,1703.0,770.59,https://www.vrai.com/diamonds/F5034113,2026-04-23T00:41:52Z
2026-04-23,VRAI,round-brilliant,2.31,G,VS2,Excellent,Excellent,Excellent,,,,1720.0,744.59,https://www.vrai.com/diamonds/F9003701,2026-04-23T00:41:52Z
2026-04-23,VRAI,round-brilliant,2.32,G,VS2,Excellent,Excellent,Excellent,,,,1730.0,745.69,https://www.vrai.com/diamonds/F5035979,2026-04-23T00:41:52Z
2026-04-23,VRAI,round-brilliant,2.43,G,SI1,Excellent,Excellent,Excellent,,,,1752.0,720.99,https://www.vrai.com/diamonds/F203749,2026-04-23T00:41:52Z
2026-04-23,VRAI,round-brilliant,2.44,G,SI1,Excellent,Excellent,Excellent,,,,1761.0,721.72,https://www.vrai.com/diamonds/F529672,2026-04-23T00:41:52Z
2026-04-23,VRAI,round-brilliant,2.31,G,VS1,Excellent,Excellent,Excellent,,,,1804.0,780.95,https://www.vrai.com/diamonds/F5034305,2026-04-23T00:41:52Z
2026-04-23,VRAI,round-brilliant,2.32,G,VS1,Excellent,Excellent,Excellent,,,,1814.0,781.9,https://www.vrai.com/diamonds/F9004299,2026-04-23T00:41:52Z
2026-04-23,VRAI,round-brilliant,2.41,G,VS2,Excellent,Excellent,Excellent,,,,1817.0,753.94,https://www.vrai.com/diamonds/F5033789,2026-04-23T00:41:52Z
2026-04-23,VRAI,round-brilliant,2.42,G,VS2,Excellent,Excellent,Excellent,,,,1827.0,754.96,https://www.vrai.com/diamonds/F5034032,2026-04-23T00:41:52Z
2026-04-23,VRAI,round-brilliant,2.29,G,VS2,Excellent,Excellent,Excellent,,,,1871.0,817.03,https://www.vrai.com/diamonds/F553007,2026-04-23T00:41:52Z
2026-04-23,VRAI,round-brilliant,2.38,G,VS1,Excellent,Excellent,Excellent,,,,1875.0,787.82,https://www.vrai.com/diamonds/F567988,2026-04-23T00:41:52Z
2026-04-23,VRAI,round-brilliant,2.45,G,VS1,Excellent,Excellent,Excellent,,,,1947.0,794.69,https://www.vrai.com/diamonds/F5033989,2026-04-23T00:41:52Z
2026-04-23,VRAI,round-brilliant,1.87,G,VS1,Excellent,Excellent,Excellent,,,,2217.0,1185.56,https://www.vrai.com/diamonds/F566195,2026-04-23T00:41:52Z
2026-04-23,VRAI,round-brilliant,2.19,G,VS1,Excellent,Excellent,Excellent,,,,3029.0,1383.11,https://www.vrai.com/diamonds/F659566,2026-04-23T00:41:52Z
2026-04-23,VRAI,round-brilliant,1.9,G,VS2,Excellent,,,,,,4362.0,2295.79,https://www.vrai.com/diamonds/F554916,2026-04-23T00:41:52Z
2026-04-23,VRAI,round-brilliant,2.08,G,VVS2,Excellent,,,,,,6053.0,2910.1,https://www.vrai.com/diamonds/F9004228,2026-04-23T00:41:52Z
2026-04-23,VRAI,round-brilliant,0.9,H,SI1,Excellent,Excellent,Excellent,,,,422.0,468.89,https://www.vrai.com/diamonds/F5018108,2026-04-23T00:42:15Z
2026-04-23,VRAI,round-brilliant,0.91,H,SI1,Excellent,Excellent,Excellent,,,,427.0,469.23,https://www.vrai.com/diamonds/F271712,2026-04-23T00:42:15Z
2026-04-23,VRAI,round-brilliant,0.92,H,SI1,Excellent,Excellent,Excellent,,,,432.0,469.57,https://www.vrai.com/diamonds/F5014200,2026-04-23T00:42:15Z
2026-04-23,VRAI,round-brilliant,1.19,H,SI1,Excellent,Excellent,Excellent,,,,588.0,494.12,https://www.vrai.com/diamonds/F9006326,2026-04-23T00:42:15Z
2026-04-23,VRAI,round-brilliant,1.22,H,SI1,Excellent,Excellent,Excellent,,,,608.0,498.36,https://www.vrai.com/diamonds/F5002234,2026-04-23T00:42:15Z
2026-04-23,VRAI,round-brilliant,1.15,H,SI1,Excellent,Excellent,Excellent,,,,619.0,538.26,https://www.vrai.com/diamonds/F3000619,2026-04-23T00:42:15Z
2026-04-23,VRAI,round-brilliant,1.16,H,SI1,Excellent,Excellent,Excellent,,,,626.0,539.66,https://www.vrai.com/diamonds/F3000772,2026-04-23T00:42:15Z
2026-04-23,VRAI,round-brilliant,1.16,H,VS2,Excellent,Excellent,Excellent,,,,657.0,566.38,https://www.vrai.com/diamonds/F9010311,2026-04-23T00:42:15Z
2026-04-23,VRAI,round-brilliant,1.21,H,SI1,Excellent,Excellent,Excellent,,,,661.0,546.28,https://www.vrai.com/diamonds/F544065,2026-04-23T00:42:15Z
2026-04-23,VRAI,round-brilliant,1.22,H,SI1,Excellent,Excellent,Excellent,,,,668.0,547.54,https://www.vrai.com/diamonds/F3000705,2026-04-23T00:42:15Z
2026-04-23,VRAI,round-brilliant,1.32,H,SI1,Excellent,Excellent,Excellent,,,,673.0,509.85,https://www.vrai.com/diamonds/F5015252,2026-04-23T00:42:15Z
2026-04-23,VRAI,round-brilliant,1.19,H,VS2,Excellent,Excellent,Excellent,,,,679.0,570.59,https://www.vrai.com/diamonds/F5024845,2026-04-23T00:42:15Z
2026-04-23,VRAI,round-brilliant,1.33,H,SI1,Excellent,Excellent,Excellent,,,,680.0,511.28,https://www.vrai.com/diamonds/F554950,2026-04-23T00:42:15Z
2026-04-23,VRAI,round-brilliant,1.34,H,SI1,Excellent,Excellent,Excellent,,,,686.0,511.94,https://www.vrai.com/diamonds/F5008869,2026-04-23T00:42:15Z
2026-04-23,VRAI,round-brilliant,1.2,H,VS2,Excellent,Excellent,Excellent,,,,686.0,571.67,https://www.vrai.com/diamonds/F5045637,2026-04-23T00:42:15Z
2026-04-23,VRAI,round-brilliant,1.16,H,VS1,Excellent,Excellent,Excellent,,,,689.0,593.97,https://www.vrai.com/diamonds/F7002092,2026-04-23T00:42:15Z
2026-04-23,VRAI,round-brilliant,1.35,H,SI1,Excellent,Excellent,Excellent,,,,693.0,513.33,https://www.vrai.com/diamonds/F5031730,2026-04-23T00:42:15Z
2026-04-23,VRAI,round-brilliant,1.19,H,VS1,Excellent,Very Good,Very Good,,,,712.0,598.32,https://www.vrai.com/diamonds/F1000361,2026-04-23T00:42:15Z
2026-04-23,VRAI,round-brilliant,1.19,H,VS1,Excellent,Excellent,Excellent,,,,712.0,598.32,https://www.vrai.com/diamonds/F9006256,2026-04-23T00:42:15Z
2026-04-23,VRAI,round-brilliant,1.38,H,SI1,Excellent,Excellent,Excellent,,,,713.0,516.67,https://www.vrai.com/diamonds/F5014199,2026-04-23T00:42:15Z
2026-04-23,VRAI,round-brilliant,1.39,H,SI1,Excellent,Excellent,Excellent,,,,720.0,517.99,https://www.vrai.com/diamonds/F5018408,2026-04-23T00:42:15Z
2026-04-23,VRAI,round-brilliant,1.22,H,VS1,Excellent,Excellent,Excellent,,,,735.0,602.46,https://www.vrai.com/diamonds/F9005603,2026-04-23T00:42:15Z
2026-04-23,VRAI,round-brilliant,1.32,H,SI1,Excellent,Excellent,Excellent,,,,740.0,560.61,https://www.vrai.com/diamonds/F556914,2026-04-23T00:42:15Z
2026-04-23,VRAI,round-brilliant,1.33,H,SI1,Excellent,Excellent,Excellent,,,,748.0,562.41,https://www.vrai.com/diamonds/F559428,2026-04-23T00:42:15Z
2026-04-23,VRAI,round-brilliant,1.35,H,SI1,Excellent,Excellent,Excellent,,,,762.0,564.44,https://www.vrai.com/diamonds/F3000515,2026-04-23T00:42:15Z
2026-04-23,VRAI,round-brilliant,1.34,H,VS2,Excellent,Excellent,Excellent,,,,792.0,591.04,https://www.vrai.com/diamonds/F9006794,2026-04-23T00:42:15Z
2026-04-23,VRAI,round-brilliant,1.35,H,VS2,Excellent,Excellent,Excellent,,,,800.0,592.59,https://www.vrai.com/diamonds/F5001591,2026-04-23T00:42:15Z
2026-04-23,VRAI,round-brilliant,1.31,H,SI1,Ideal+Hearts,Excellent,Excellent,,,,806.0,615.27,https://www.vrai.com/diamonds/F527533,2026-04-23T00:42:15Z
2026-04-23,VRAI,round-brilliant,1.36,H,VS2,Excellent,Excellent,Excellent,,,,807.0,593.38,https://www.vrai.com/diamonds/F5011702,2026-04-23T00:42:15Z
2026-04-23,VRAI,round-brilliant,1.37,H,VS2,Excellent,Excellent,Excellent,,,,815.0,594.89,https://www.vrai.com/diamonds/F5009187,2026-04-23T00:42:15Z
2026-04-23,VRAI,round-brilliant,1.32,H,VS1,Excellent,Excellent,Excellent,,,,815.0,617.42,https://www.vrai.com/diamonds/F549142,2026-04-23T00:42:15Z
2026-04-23,VRAI,round-brilliant,1.32,H,SI1,Ideal+Hearts,Excellent,Excellent,,,,815.0,617.42,https://www.vrai.com/diamonds/F522359,2026-04-23T00:42:15Z
2026-04-23,VRAI,round-brilliant,1.38,H,VS2,Excellent,Excellent,Excellent,,,,823.0,596.38,https://www.vrai.com/diamonds/F5008860,2026-04-23T00:42:15Z
2026-04-23,VRAI,round-brilliant,1.33,H,VS1,Excellent,Excellent,Excellent,,,,823.0,618.8,https://www.vrai.com/diamonds/F9004880,2026-04-23T00:42:15Z
2026-04-23,VRAI,round-brilliant,1.39,H,VS2,Excellent,Excellent,Excellent,,,,831.0,597.84,https://www.vrai.com/diamonds/F5020860,2026-04-23T00:42:15Z
2026-04-23,VRAI,round-brilliant,1.34,H,VS1,Excellent,Excellent,Excellent,,,,831.0,620.15,https://www.vrai.com/diamonds/F9006203,2026-04-23T00:42:15Z
2026-04-23,VRAI,round-brilliant,1.56,H,SI1,Excellent,Excellent,Excellent,,,,836.0,535.9,https://www.vrai.com/diamonds/F5022512,2026-04-23T00:42:15Z
2026-04-23,VRAI,round-brilliant,1.35,H,VS1,Excellent,Excellent,Excellent,,,,839.0,621.48,https://www.vrai.com/diamonds/F8001693,2026-04-23T00:42:15Z
2026-04-23,VRAI,round-brilliant,1.35,H,SI1,Ideal+Hearts,Excellent,Excellent,,,,839.0,621.48,https://www.vrai.com/diamonds/F520211,2026-04-23T00:42:15Z
2026-04-23,VRAI,round-brilliant,1.57,H,SI1,Excellent,Excellent,Excellent,,,,843.0,536.94,https://www.vrai.com/diamonds/F5012623,2026-04-23T00:42:15Z
2026-04-23,VRAI,round-brilliant,1.36,H,VS1,Excellent,Excellent,Excellent,,,,847.0,622.79,https://www.vrai.com/diamonds/F9005839,2026-04-23T00:42:15Z
2026-04-23,VRAI,round-brilliant,1.58,H,SI1,Excellent,Excellent,Excellent,,,,850.0,537.97,https://www.vrai.com/diamonds/F5034021,2026-04-23T00:42:15Z
2026-04-23,VRAI,round-brilliant,1.37,H,VS1,Excellent,Excellent,Excellent,,,,855.0,624.09,https://www.vrai.com/diamonds/F8002035,2026-04-23T00:42:15Z
2026-04-23,VRAI,round-brilliant,1.38,H,VS1,Excellent,Excellent,Excellent,,,,863.0,625.36,https://www.vrai.com/diamonds/F552430,2026-04-23T00:42:15Z
2026-04-23,VRAI,round-brilliant,1.6,H,SI1,Excellent,Excellent,Excellent,,,,864.0,540.0,https://www.vrai.com/diamonds/F5009406,2026-04-23T00:42:15Z
2026-04-23,VRAI,round-brilliant,1.44,H,VS2,Excellent,Excellent,Excellent,,,,870.0,604.17,https://www.vrai.com/diamonds/F537782,2026-04-23T00:42:15Z
2026-04-23,VRAI,round-brilliant,1.61,H,SI1,Excellent,Excellent,Excellent,,,,871.0,540.99,https://www.vrai.com/diamonds/F5005004,2026-04-23T00:42:15Z
2026-04-23,VRAI,round-brilliant,1.39,H,VS1,Excellent,Excellent,Excellent,,,,871.0,626.62,https://www.vrai.com/diamonds/F5003221,2026-04-23T00:42:15Z
2026-04-23,VRAI,round-brilliant,1.45,H,VS2,Excellent,Excellent,Excellent,,,,877.0,604.83,https://www.vrai.com/diamonds/F5003052,2026-04-23T00:42:15Z
2026-04-23,VRAI,round-brilliant,1.62,H,SI1,Excellent,Excellent,Excellent,,,,878.0,541.98,https://www.vrai.com/diamonds/F7000016,2026-04-23T00:42:15Z
2026-04-23,VRAI,round-brilliant,1.63,H,SI1,Excellent,Excellent,Excellent,,,,886.0,543.56,https://www.vrai.com/diamonds/F9006900,2026-04-23T00:42:15Z
2026-04-23,VRAI,round-brilliant,1.64,H,SI1,Excellent,Excellent,Excellent,,,,893.0,544.51,https://www.vrai.com/diamonds/F5003112,2026-04-23T00:42:15Z
2026-04-23,VRAI,round-brilliant,1.32,H,VS1,Excellent,Excellent,Excellent,,,,896.0,678.79,https://www.vrai.com/diamonds/F549143,2026-04-23T00:42:15Z
2026-04-23,VRAI,round-brilliant,1.43,H,VS1,Excellent,Excellent,Excellent,,,,904.0,632.17,https://www.vrai.com/diamonds/F541489,2026-04-23T00:42:15Z
2026-04-23,VRAI,round-brilliant,1.38,H,VS2,Excellent,Excellent,Excellent,,,,905.0,655.8,https://www.vrai.com/diamonds/F526204,2026-04-23T00:42:15Z
2026-04-23,VRAI,round-brilliant,1.66,H,SI1,Excellent,Excellent,Excellent,,,,907.0,546.39,https://www.vrai.com/diamonds/F538169,2026-04-23T00:42:15Z
2026-04-23,VRAI,round-brilliant,1.44,H,VS1,Excellent,Excellent,Excellent,,,,912.0,633.33,https://www.vrai.com/diamonds/F9010010,2026-04-23T00:42:15Z
2026-04-23,VRAI,round-brilliant,1.39,H,VS2,Excellent,Excellent,Excellent,,,,914.0,657.55,https://www.vrai.com/diamonds/F560844,2026-04-23T00:42:15Z
2026-04-23,VRAI,round-brilliant,1.68,H,SI1,Excellent,Excellent,Excellent,,,,921.0,548.21,https://www.vrai.com/diamonds/F5032871,2026-04-23T00:42:15Z
2026-04-23,VRAI,round-brilliant,1.4,H,VS2,Excellent,Excellent,Excellent,,,,922.0,658.57,https://www.vrai.com/diamonds/F537269,2026-04-23T00:42:15Z
2026-04-23,VRAI,round-brilliant,1.35,H,VS1,Excellent,Excellent,Excellent,,,,923.0,683.7,https://www.vrai.com/diamonds/F550438,2026-04-23T00:42:15Z
2026-04-23,VRAI,round-brilliant,1.69,H,SI1,Excellent,Excellent,Excellent,,,,928.0,549.11,https://www.vrai.com/diamonds/F556480,2026-04-23T00:42:15Z
2026-04-23,VRAI,round-brilliant,1.36,H,VS1,Excellent,Excellent,Excellent,,,,931.0,684.56,https://www.vrai.com/diamonds/F139562,2026-04-23T00:42:15Z
2026-04-23,VRAI,round-brilliant,1.42,H,VS2,Excellent,Excellent,Excellent,,,,939.0,661.27,https://www.vrai.com/diamonds/F537961,2026-04-23T00:42:15Z
2026-04-23,VRAI,round-brilliant,1.37,H,VS1,Excellent,Excellent,Excellent,,,,940.0,686.13,https://www.vrai.com/diamonds/F546849,2026-04-23T00:42:15Z
2026-04-23,VRAI,round-brilliant,1.38,H,VS1,Excellent,Excellent,Excellent,,,,949.0,687.68,https://www.vrai.com/diamonds/F549134,2026-04-23T00:42:15Z
2026-04-23,VRAI,round-brilliant,1.72,H,SI1,Excellent,Excellent,Excellent,,,,950.0,552.33,https://www.vrai.com/diamonds/F5022160,2026-04-23T00:42:15Z
2026-04-23,VRAI,round-brilliant,1.73,H,SI1,Excellent,Excellent,Excellent,,,,957.0,553.18,https://www.vrai.com/diamonds/F564032,2026-04-23T00:42:15Z
2026-04-23,VRAI,round-brilliant,1.08,H,VS1,Excellent,Excellent,Excellent,,,,980.0,907.41,https://www.vrai.com/diamonds/F9005990,2026-04-23T00:42:15Z
2026-04-23,VRAI,round-brilliant,1.64,H,SI1,Excellent,Excellent,Excellent,,,,982.0,598.78,https://www.vrai.com/diamonds/F564020,2026-04-23T00:42:15Z
2026-04-23,VRAI,round-brilliant,1.37,H,VS2,Ideal+Hearts,Excellent,Excellent,,,,986.0,719.71,https://www.vrai.com/diamonds/F529551,2026-04-23T00:42:15Z
2026-04-23,VRAI,round-brilliant,1.65,H,SI1,Excellent,Excellent,Excellent,,,,990.0,600.0,https://www.vrai.com/diamonds/F525405,2026-04-23T00:42:15Z
2026-04-23,VRAI,round-brilliant,1.78,H,SI1,Excellent,Excellent,Excellent,,,,993.0,557.87,https://www.vrai.com/diamonds/F550436,2026-04-23T00:42:15Z
2026-04-23,VRAI,round-brilliant,1.66,H,SI1,Excellent,Excellent,Excellent,,,,997.0,600.6,https://www.vrai.com/diamonds/F546510,2026-04-23T00:42:15Z
2026-04-23,VRAI,round-brilliant,1.79,H,SI1,Excellent,Excellent,Excellent,,,,1000.0,558.66,https://www.vrai.com/diamonds/F5031654,2026-04-23T00:42:15Z
2026-04-23,VRAI,round-brilliant,1.67,H,SI1,Excellent,Excellent,Excellent,,,,1005.0,601.8,https://www.vrai.com/diamonds/F544338,2026-04-23T00:42:15Z
2026-04-23,VRAI,round-brilliant,1.61,H,VS2,Excellent,Excellent,Excellent,,,,1005.0,624.22,https://www.vrai.com/diamonds/F5003860,2026-04-23T00:42:15Z
2026-04-23,VRAI,round-brilliant,1.8,H,SI1,Excellent,Excellent,Excellent,,,,1007.0,559.44,https://www.vrai.com/diamonds/F5020571,2026-04-23T00:42:15Z
2026-04-23,VRAI,round-brilliant,1.69,H,SI1,Excellent,Excellent,Excellent,,,,1021.0,604.14,https://www.vrai.com/diamonds/F534482,2026-04-23T00:42:15Z
2026-04-23,VRAI,round-brilliant,1.82,H,SI1,Excellent,Excellent,Excellent,,,,1022.0,561.54,https://www.vrai.com/diamonds/F5015519,2026-04-23T00:42:15Z
2026-04-23,VRAI,round-brilliant,1.83,H,SI1,Excellent,Excellent,Excellent,,,,1029.0,562.3,https://www.vrai.com/diamonds/F5008076,2026-04-23T00:42:15Z
2026-04-23,VRAI,round-brilliant,1.64,H,VS2,Excellent,Excellent,Excellent,,,,1030.0,628.05,https://www.vrai.com/diamonds/F9003800,2026-04-23T00:42:15Z
2026-04-23,VRAI,round-brilliant,1.85,H,SI1,Excellent,Excellent,Excellent,,,,1044.0,564.32,https://www.vrai.com/diamonds/F5023256,2026-04-23T00:42:15Z
2026-04-23,VRAI,round-brilliant,1.66,H,VS2,Excellent,Excellent,Excellent,,,,1046.0,630.12,https://www.vrai.com/diamonds/F9005186,2026-04-23T00:42:15Z
2026-04-23,VRAI,round-brilliant,1.73,H,SI1,Excellent,Excellent,Excellent,,,,1052.0,608.09,https://www.vrai.com/diamonds/F512060,2026-04-23T00:42:15Z
2026-04-23,VRAI,round-brilliant,1.67,H,VS2,Excellent,Excellent,Excellent,,,,1054.0,631.14,https://www.vrai.com/diamonds/F5024596,2026-04-23T00:42:15Z
2026-04-23,VRAI,round-brilliant,1.61,H,VS1,Excellent,Excellent,Excellent,,,,1054.0,654.66,https://www.vrai.com/diamonds/F9012604,2026-04-23T00:42:15Z
2026-04-23,VRAI,round-brilliant,1.87,H,SI1,Excellent,Excellent,Excellent,,,,1059.0,566.31,https://www.vrai.com/diamonds/F7000253,2026-04-23T00:42:15Z
2026-04-23,VRAI,round-brilliant,1.68,H,VS2,Excellent,Excellent,Excellent,,,,1063.0,632.74,https://www.vrai.com/diamonds/F5004664,2026-04-23T00:42:15Z
2026-04-23,VRAI,round-brilliant,1.62,H,VS1,Excellent,Excellent,Excellent,,,,1063.0,656.17,https://www.vrai.com/diamonds/F5002124,2026-04-23T00:42:15Z
2026-04-23,VRAI,round-brilliant,1.88,H,SI1,Excellent,Excellent,Excellent,,,,1066.0,567.02,https://www.vrai.com/diamonds/F5015099,2026-04-23T00:42:15Z
2026-04-23,VRAI,round-brilliant,1.69,H,VS2,Excellent,Excellent,Excellent,,,,1071.0,633.73,https://www.vrai.com/diamonds/F240011,2026-04-23T00:42:15Z
2026-04-23,VRAI,round-brilliant,1.63,H,VS1,Excellent,Excellent,Excellent,,,,1071.0,657.06,https://www.vrai.com/diamonds/F5007708,2026-04-23T00:42:15Z
2026-04-23,VRAI,round-brilliant,1.7,H,VS2,Excellent,Excellent,Excellent,,,,1079.0,634.71,https://www.vrai.com/diamonds/F5001362,2026-04-23T00:42:15Z
2026-04-23,VRAI,round-brilliant,1.64,H,VS1,Excellent,Excellent,Excellent,,,,1080.0,658.54,https://www.vrai.com/diamonds/F9009964,2026-04-23T00:42:15Z
2026-04-23,VRAI,round-brilliant,1.71,H,VS2,Excellent,Excellent,Excellent,,,,1087.0,635.67,https://www.vrai.com/diamonds/F5003658,2026-04-23T00:42:15Z
2026-04-23,VRAI,round-brilliant,1.91,H,SI1,Excellent,Excellent,Excellent,,,,1088.0,569.63,https://www.vrai.com/diamonds/F5014239,2026-04-23T00:42:15Z
2026-04-23,VRAI,round-brilliant,1.65,H,SI1,Ideal+Hearts,Excellent,Excellent,,,,1089.0,660.0,https://www.vrai.com/diamonds/F524289,2026-04-23T00:42:15Z
2026-04-23,VRAI,round-brilliant,1.65,H,VS1,Excellent,Excellent,Excellent,,,,1089.0,660.0,https://www.vrai.com/diamonds/F9012900,2026-04-23T00:42:15Z
2026-04-23,VRAI,round-brilliant,1.72,H,VS2,Excellent,Excellent,Excellent,,,,1096.0,637.21,https://www.vrai.com/diamonds/F5002076,2026-04-23T00:42:15Z
2026-04-23,VRAI,round-brilliant,1.66,H,VS1,Excellent,Excellent,Excellent,,,,1097.0,660.84,https://www.vrai.com/diamonds/F5024621,2026-04-23T00:42:15Z
2026-04-23,VRAI,round-brilliant,1.79,H,SI1,Excellent,Excellent,Excellent,,,,1100.0,614.53,https://www.vrai.com/diamonds/F564026,2026-04-23T00:42:15Z
2026-04-23,VRAI,round-brilliant,1.73,H,VS2,Excellent,Excellent,Excellent,,,,1104.0,638.15,https://www.vrai.com/diamonds/F5004081,2026-04-23T00:42:15Z
2026-04-23,VRAI,round-brilliant,1.67,H,VS1,Excellent,Excellent,Excellent,,,,1106.0,662.28,https://www.vrai.com/diamonds/F5009327,2026-04-23T00:42:15Z
2026-04-23,VRAI,round-brilliant,1.8,H,SI1,Excellent,Excellent,Excellent,,,,1108.0,615.56,https://www.vrai.com/diamonds/F3000793,2026-04-23T00:42:15Z
2026-04-23,VRAI,round-brilliant,1.74,H,VS2,Excellent,Excellent,Excellent,,,,1112.0,639.08,https://www.vrai.com/diamonds/F9007868,2026-04-23T00:42:15Z
2026-04-23,VRAI,round-brilliant,1.68,H,VS1,Excellent,Excellent,Excellent,,,,1114.0,663.1,https://www.vrai.com/diamonds/F544050,2026-04-23T00:42:15Z
2026-04-23,VRAI,round-brilliant,1.95,H,SI1,Excellent,Excellent,Excellent,,,,1118.0,573.33,https://www.vrai.com/diamonds/F5014550,2026-04-23T00:42:15Z
2026-04-23,VRAI,round-brilliant,1.69,H,SI1,Ideal+Hearts,Excellent,Excellent,,,,1123.0,664.5,https://www.vrai.com/diamonds/F522396,2026-04-23T00:42:15Z
2026-04-23,VRAI,round-brilliant,1.69,H,VS1,Excellent,Excellent,Excellent,,,,1123.0,664.5,https://www.vrai.com/diamonds/F9005822,2026-04-23T00:42:15Z
2026-04-23,VRAI,round-brilliant,1.63,H,VS2,Excellent,Excellent,Excellent,,,,1124.0,689.57,https://www.vrai.com/diamonds/F559894,2026-04-23T00:42:15Z
2026-04-23,VRAI,round-brilliant,1.7,H,VS1,Excellent,Excellent,Excellent,,,,1132.0,665.88,https://www.vrai.com/diamonds/F5003605,2026-04-23T00:42:15Z
2026-04-23,VRAI,round-brilliant,1.64,H,VS2,Excellent,Excellent,Excellent,,,,1133.0,690.85,https://www.vrai.com/diamonds/F527838,2026-04-23T00:42:15Z
2026-04-23,VRAI,round-brilliant,1.84,H,SI1,Excellent,Excellent,Excellent,,,,1140.0,619.57,https://www.vrai.com/diamonds/F529728,2026-04-23T00:42:15Z
2026-04-23,VRAI,round-brilliant,1.71,H,VS1,Excellent,Excellent,Excellent,,,,1140.0,666.67,https://www.vrai.com/diamonds/F9003705,2026-04-23T00:42:15Z
2026-04-23,VRAI,round-brilliant,1.65,H,VS2,Excellent,Excellent,Excellent,,,,1142.0,692.12,https://www.vrai.com/diamonds/F581599,2026-04-23T00:42:15Z
2026-04-23,VRAI,round-brilliant,1.78,H,VS2,Excellent,Excellent,Excellent,,,,1146.0,643.82,https://www.vrai.com/diamonds/F5022842,2026-04-23T00:42:15Z
2026-04-23,VRAI,round-brilliant,1.72,H,VS1,Excellent,Excellent,Excellent,,,,1149.0,668.02,https://www.vrai.com/diamonds/F5004504,2026-04-23T00:42:15Z
2026-04-23,VRAI,round-brilliant,1.72,H,SI1,Ideal+Hearts,Excellent,Excellent,,,,1149.0,668.02,https://www.vrai.com/diamonds/F508283,2026-04-23T00:42:15Z
2026-04-23,VRAI,round-brilliant,1.66,H,VS2,Excellent,Excellent,Excellent,,,,1151.0,693.37,https://www.vrai.com/diamonds/F564007,2026-04-23T00:42:15Z
2026-04-23,VRAI,round-brilliant,1.79,H,VS2,Excellent,Excellent,Excellent,,,,1154.0,644.69,https://www.vrai.com/diamonds/F5004139,2026-04-23T00:42:15Z
2026-04-23,VRAI,round-brilliant,1.73,H,VS1,Excellent,Excellent,Excellent,,,,1158.0,669.36,https://www.vrai.com/diamonds/F5012841,2026-04-23T00:42:15Z
2026-04-23,VRAI,round-brilliant,1.67,H,VS2,Excellent,Excellent,Excellent,,,,1160.0,694.61,https://www.vrai.com/diamonds/F537798,2026-04-23T00:42:15Z
2026-04-23,VRAI,round-brilliant,1.8,H,VS2,Excellent,Excellent,Excellent,,,,1162.0,645.56,https://www.vrai.com/diamonds/F5024987,2026-04-23T00:42:15Z
2026-04-23,VRAI,round-brilliant,1.87,H,SI1,Excellent,Excellent,Excellent,,,,1165.0,622.99,https://www.vrai.com/diamonds/F544230,2026-04-23T00:42:15Z
2026-04-23,VRAI,round-brilliant,1.74,H,VS1,Excellent,Excellent,Excellent,,,,1166.0,670.11,https://www.vrai.com/diamonds/F9005491,2026-04-23T00:42:15Z
2026-04-23,VRAI,round-brilliant,1.68,H,VS2,Excellent,Excellent,Excellent,,,,1169.0,695.83,https://www.vrai.com/diamonds/F527342,2026-04-23T00:42:15Z
2026-04-23,VRAI,round-brilliant,1.62,H,VS1,Excellent,Excellent,Excellent,,,,1169.0,721.6,https://www.vrai.com/diamonds/F525091,2026-04-23T00:42:15Z
2026-04-23,VRAI,round-brilliant,1.81,H,VS2,Excellent,Excellent,Excellent,,,,1171.0,646.96,https://www.vrai.com/diamonds/F9012523,2026-04-23T00:42:15Z
2026-04-23,VRAI,round-brilliant,1.88,H,SI1,Excellent,Excellent,Excellent,,,,1173.0,623.94,https://www.vrai.com/diamonds/F534669,2026-04-23T00:42:15Z
2026-04-23,VRAI,round-brilliant,1.69,H,VS2,Excellent,Excellent,Excellent,,,,1178.0,697.04,https://www.vrai.com/diamonds/F534617,2026-04-23T00:42:15Z
2026-04-23,VRAI,round-brilliant,1.82,H,VS2,Excellent,Excellent,Excellent,,,,1179.0,647.8,https://www.vrai.com/diamonds/F9008059,2026-04-23T00:42:15Z
2026-04-23,VRAI,round-brilliant,1.89,H,SI1,Excellent,Excellent,Excellent,,,,1181.0,624.87,https://www.vrai.com/diamonds/F529832,2026-04-23T00:42:15Z
2026-04-23,VRAI,round-brilliant,1.83,H,VS2,Excellent,Excellent,Excellent,,,,1188.0,649.18,https://www.vrai.com/diamonds/F5024552,2026-04-23T00:42:15Z
2026-04-23,VRAI,round-brilliant,1.64,H,VS1,Excellent,Excellent,Excellent,,,,1188.0,724.39,https://www.vrai.com/diamonds/F239580,2026-04-23T00:42:15Z
2026-04-23,VRAI,round-brilliant,1.64,H,VVS2,Excellent,Excellent,Excellent,,,,1188.0,724.39,https://www.vrai.com/diamonds/F9010212,2026-04-23T00:42:15Z
2026-04-23,VRAI,round-brilliant,1.9,H,SI1,Excellent,Excellent,Excellent,,,,1189.0,625.79,https://www.vrai.com/diamonds/F564083,2026-04-23T00:42:15Z
2026-04-23,VRAI,round-brilliant,1.84,H,VS2,Excellent,Excellent,Excellent,,,,1196.0,650.0,https://www.vrai.com/diamonds/F9003407,2026-04-23T00:42:15Z
2026-04-23,VRAI,round-brilliant,1.71,H,VS2,Excellent,Excellent,Excellent,,,,1196.0,699.42,https://www.vrai.com/diamonds/F1000540,2026-04-23T00:42:15Z
2026-04-23,VRAI,round-brilliant,1.65,H,VS1,Excellent,Excellent,Excellent,,,,1197.0,725.45,https://www.vrai.com/diamonds/F563991,2026-04-23T00:42:15Z
2026-04-23,VRAI,round-brilliant,1.78,H,VS1,Excellent,Excellent,Excellent,,,,1201.0,674.72,https://www.vrai.com/diamonds/F9004273,2026-04-23T00:42:15Z
2026-04-23,VRAI,round-brilliant,1.72,H,VS2,Excellent,Excellent,Excellent,,,,1205.0,700.58,https://www.vrai.com/diamonds/F526173,2026-04-23T00:42:15Z
2026-04-23,VRAI,round-brilliant,1.66,H,VS1,Excellent,Excellent,Excellent,,,,1207.0,727.11,https://www.vrai.com/diamonds/F533665,2026-04-23T00:42:15Z
2026-04-23,VRAI,round-brilliant,1.66,H,VVS2,Excellent,Excellent,Excellent,,,,1207.0,727.11,https://www.vrai.com/diamonds/F544333,2026-04-23T00:42:15Z
2026-04-23,VRAI,round-brilliant,1.06,H,VS1,Excellent,,,,,,1207.0,1138.68,https://www.vrai.com/diamonds/F9006466,2026-04-23T00:42:15Z
2026-04-23,VRAI,round-brilliant,1.79,H,VS1,Excellent,Excellent,Excellent,,,,1210.0,675.98,https://www.vrai.com/diamonds/F544224,2026-04-23T00:42:15Z
2026-04-23,VRAI,round-brilliant,1.86,H,VS2,Excellent,Excellent,Excellent,,,,1213.0,652.15,https://www.vrai.com/diamonds/F5031148,2026-04-23T00:42:15Z
2026-04-23,VRAI,round-brilliant,1.73,H,VS2,Excellent,Excellent,Excellent,,,,1214.0,701.73,https://www.vrai.com/diamonds/F1000011,2026-04-23T00:42:15Z
2026-04-23,VRAI,round-brilliant,1.67,H,VS1,Excellent,Excellent,Excellent,,,,1216.0,728.14,https://www.vrai.com/diamonds/F538469,2026-04-23T00:42:15Z
2026-04-23,VRAI,round-brilliant,1.8,H,VS1,Excellent,Excellent,Excellent,,,,1219.0,677.22,https://www.vrai.com/diamonds/F9006081,2026-04-23T00:42:15Z
2026-04-23,VRAI,round-brilliant,1.87,H,VS2,Excellent,Excellent,Excellent,,,,1221.0,652.94,https://www.vrai.com/diamonds/F529722,2026-04-23T00:42:15Z
2026-04-23,VRAI,round-brilliant,1.68,H,VS1,Excellent,Excellent,Excellent,,,,1226.0,729.76,https://www.vrai.com/diamonds/F545351,2026-04-23T00:42:15Z
2026-04-23,VRAI,round-brilliant,1.81,H,VS1,Excellent,Excellent,Excellent,,,,1228.0,678.45,https://www.vrai.com/diamonds/F9005959,2026-04-23T00:42:15Z
2026-04-23,VRAI,round-brilliant,1.88,H,VS2,Excellent,Excellent,Excellent,,,,1230.0,654.26,https://www.vrai.com/diamonds/F537922,2026-04-23T00:42:15Z
2026-04-23,VRAI,round-brilliant,1.82,H,VS1,Excellent,Excellent,Excellent,,,,1237.0,679.67,https://www.vrai.com/diamonds/F9005189,2026-04-23T00:42:15Z
2026-04-23,VRAI,round-brilliant,1.83,H,SI1,Ideal+Hearts,Excellent,Excellent,,,,1245.0,680.33,https://www.vrai.com/diamonds/F522508,2026-04-23T00:42:15Z
2026-04-23,VRAI,round-brilliant,1.83,H,VS1,Excellent,Excellent,Excellent,,,,1245.0,680.33,https://www.vrai.com/diamonds/F5048585,2026-04-23T00:42:15Z
2026-04-23,VRAI,round-brilliant,1.7,H,VS1,Excellent,Excellent,Excellent,,,,1245.0,732.35,https://www.vrai.com/diamonds/F537254,2026-04-23T00:42:15Z
2026-04-23,VRAI,round-brilliant,1.77,H,VS2,Excellent,Excellent,Excellent,,,,1251.0,706.78,https://www.vrai.com/diamonds/F549058,2026-04-23T00:42:15Z
2026-04-23,VRAI,round-brilliant,1.84,H,VS1,Excellent,Excellent,Excellent,,,,1254.0,681.52,https://www.vrai.com/diamonds/F9005468,2026-04-23T00:42:15Z
2026-04-23,VRAI,round-brilliant,1.84,H,SI1,Ideal+Hearts,Excellent,Excellent,,,,1254.0,681.52,https://www.vrai.com/diamonds/F522434,2026-04-23T00:42:15Z
2026-04-23,VRAI,round-brilliant,1.71,H,VS1,Excellent,Excellent,Excellent,,,,1254.0,733.33,https://www.vrai.com/diamonds/F530496,2026-04-23T00:42:15Z
2026-04-23,VRAI,round-brilliant,1.78,H,VS2,Excellent,Excellent,Excellent,,,,1260.0,707.87,https://www.vrai.com/diamonds/F547559,2026-04-23T00:42:15Z
2026-04-23,VRAI,round-brilliant,1.85,H,VS1,Excellent,Excellent,Excellent,,,,1263.0,682.7,https://www.vrai.com/diamonds/F5002778,2026-04-23T00:42:15Z
2026-04-23,VRAI,round-brilliant,1.72,H,VS1,Excellent,Excellent,Excellent,,,,1264.0,734.88,https://www.vrai.com/diamonds/F1000363,2026-04-23T00:42:15Z
2026-04-23,VRAI,round-brilliant,1.72,H,VVS2,Excellent,Excellent,Excellent,,,,1264.0,734.88,https://www.vrai.com/diamonds/F5032878,2026-04-23T00:42:15Z
2026-04-23,VRAI,round-brilliant,2.15,H,SI1,Excellent,Excellent,Excellent,,,,1269.0,590.23,https://www.vrai.com/diamonds/F548807,2026-04-23T00:42:15Z
2026-04-23,VRAI,round-brilliant,1.79,H,VS2,Excellent,Excellent,Excellent,,,,1269.0,708.94,https://www.vrai.com/diamonds/F529820,2026-04-23T00:42:15Z
2026-04-23,VRAI,round-brilliant,1.86,H,VS1,Excellent,Excellent,Excellent,,,,1272.0,683.87,https://www.vrai.com/diamonds/F9010037,2026-04-23T00:42:15Z
2026-04-23,VRAI,round-brilliant,1.73,H,VS1,Excellent,Excellent,Excellent,,,,1273.0,735.84,https://www.vrai.com/diamonds/F550428,2026-04-23T00:42:15Z
2026-04-23,VRAI,round-brilliant,2.16,H,SI1,Excellent,Excellent,Excellent,,,,1277.0,591.2,https://www.vrai.com/diamonds/F5013125,2026-04-23T00:42:15Z
2026-04-23,VRAI,round-brilliant,1.8,H,VS2,Excellent,Excellent,Excellent,,,,1278.0,710.0,https://www.vrai.com/diamonds/F1000537,2026-04-23T00:42:15Z
2026-04-23,VRAI,round-brilliant,1.87,H,VS1,Excellent,Excellent,Excellent,,,,1281.0,685.03,https://www.vrai.com/diamonds/F3001102,2026-04-23T00:42:15Z
2026-04-23,VRAI,round-brilliant,1.81,H,VS2,Excellent,Excellent,Excellent,,,,1288.0,711.6,https://www.vrai.com/diamonds/F534436,2026-04-23T00:42:15Z
2026-04-23,VRAI,round-brilliant,2.18,H,SI1,Excellent,Excellent,Excellent,,,,1292.0,592.66,https://www.vrai.com/diamonds/F5033975,2026-04-23T00:42:15Z
2026-04-23,VRAI,round-brilliant,1.82,H,VS2,Excellent,Excellent,Excellent,,,,1297.0,712.64,https://www.vrai.com/diamonds/F538182,2026-04-23T00:42:15Z
2026-04-23,VRAI,round-brilliant,1.89,H,SI1,Ideal+Hearts,Excellent,Excellent,,,,1299.0,687.3,https://www.vrai.com/diamonds/F537954,2026-04-23T00:42:15Z
2026-04-23,VRAI,round-brilliant,1.83,H,VS2,Excellent,Excellent,Excellent,,,,1306.0,713.66,https://www.vrai.com/diamonds/F552475,2026-04-23T00:42:15Z
2026-04-23,VRAI,round-brilliant,2.2,H,SI1,Excellent,Excellent,Excellent,,,,1308.0,594.55,https://www.vrai.com/diamonds/F544270,2026-04-23T00:42:15Z
2026-04-23,VRAI,round-brilliant,1.84,H,VS2,Excellent,Excellent,Excellent,,,,1316.0,715.22,https://www.vrai.com/diamonds/F556833,2026-04-23T00:42:15Z
2026-04-23,VRAI,round-brilliant,1.78,H,VS1,Excellent,Excellent,Excellent,,,,1322.0,742.7,https://www.vrai.com/diamonds/F536038,2026-04-23T00:42:15Z
2026-04-23,VRAI,round-brilliant,2.22,H,SI1,Excellent,Excellent,Excellent,,,,1323.0,595.95,https://www.vrai.com/diamonds/F5035991,2026-04-23T00:42:15Z
2026-04-23,VRAI,round-brilliant,1.85,H,VS2,Excellent,Excellent,Excellent,,,,1325.0,716.22,https://www.vrai.com/diamonds/F532917,2026-04-23T00:42:15Z
2026-04-23,VRAI,round-brilliant,2.23,H,SI1,Excellent,Excellent,Excellent,,,,1331.0,596.86,https://www.vrai.com/diamonds/F544376,2026-04-23T00:42:15Z
2026-04-23,VRAI,round-brilliant,1.79,H,VS1,Excellent,Excellent,Excellent,,,,1331.0,743.58,https://www.vrai.com/diamonds/F556594,2026-04-23T00:42:15Z
2026-04-23,VRAI,round-brilliant,1.79,H,VVS2,Excellent,Excellent,Excellent,,,,1331.0,743.58,https://www.vrai.com/diamonds/F5048446,2026-04-23T00:42:15Z
2026-04-23,VRAI,round-brilliant,1.86,H,VS2,Excellent,Excellent,Excellent,,,,1334.0,717.2,https://www.vrai.com/diamonds/F544222,2026-04-23T00:42:15Z
2026-04-23,VRAI,round-brilliant,1.8,H,VS1,Excellent,Excellent,Excellent,,,,1341.0,745.0,https://www.vrai.com/diamonds/F547569,2026-04-23T00:42:15Z
2026-04-23,VRAI,round-brilliant,1.87,H,VS2,Excellent,Excellent,Excellent,,,,1343.0,718.18,https://www.vrai.com/diamonds/F544350,2026-04-23T00:42:15Z
2026-04-23,VRAI,round-brilliant,1.81,H,VS1,Excellent,Excellent,Excellent,,,,1351.0,746.41,https://www.vrai.com/diamonds/F529707,2026-04-23T00:42:15Z
2026-04-23,VRAI,round-brilliant,1.88,H,VS2,Excellent,Excellent,Excellent,,,,1353.0,719.68,https://www.vrai.com/diamonds/F550671,2026-04-23T00:42:15Z
2026-04-23,VRAI,round-brilliant,1.82,H,VS1,Excellent,Excellent,Excellent,,,,1360.0,747.25,https://www.vrai.com/diamonds/F231758,2026-04-23T00:42:15Z
2026-04-23,VRAI,round-brilliant,2.28,H,SI1,Excellent,Excellent,Excellent,,,,1370.0,600.88,https://www.vrai.com/diamonds/F5006677,2026-04-23T00:42:15Z
2026-04-23,VRAI,round-brilliant,1.83,H,VS1,Excellent,Excellent,Excellent,,,,1370.0,748.63,https://www.vrai.com/diamonds/F560831,2026-04-23T00:42:15Z
2026-04-23,VRAI,round-brilliant,1.83,H,VVS2,Excellent,Excellent,Excellent,,,,1370.0,748.63,https://www.vrai.com/diamonds/F591408,2026-04-23T00:42:15Z
2026-04-23,VRAI,round-brilliant,2.12,H,SI1,Excellent,Excellent,Excellent,,,,1371.0,646.7,https://www.vrai.com/diamonds/F529717,2026-04-23T00:42:15Z
2026-04-23,VRAI,round-brilliant,2.05,H,VS2,Excellent,Excellent,Excellent,,,,1376.0,671.22,https://www.vrai.com/diamonds/F9011733,2026-04-23T00:42:15Z
2026-04-23,VRAI,round-brilliant,1.84,H,VS1,Excellent,Excellent,Excellent,,,,1380.0,750.0,https://www.vrai.com/diamonds/F560845,2026-04-23T00:42:15Z
2026-04-23,VRAI,round-brilliant,1.84,H,VVS2,Excellent,Excellent,Excellent,,,,1380.0,750.0,https://www.vrai.com/diamonds/F5045666,2026-04-23T00:42:15Z
2026-04-23,VRAI,round-brilliant,2.14,H,SI1,Excellent,Excellent,Excellent,,,,1388.0,648.6,https://www.vrai.com/diamonds/F556725,2026-04-23T00:42:15Z
2026-04-23,VRAI,round-brilliant,0.92,H,VS2,Excellent,,,,,,1388.0,1508.7,https://www.vrai.com/diamonds/F534008,2026-04-23T00:42:15Z
2026-04-23,VRAI,round-brilliant,1.85,H,VS1,Excellent,Excellent,Excellent,,,,1390.0,751.35,https://www.vrai.com/diamonds/F545352,2026-04-23T00:42:15Z
2026-04-23,VRAI,round-brilliant,1.86,H,VS1,Excellent,Excellent,Excellent,,,,1399.0,752.15,https://www.vrai.com/diamonds/F534465,2026-04-23T00:42:15Z
2026-04-23,VRAI,round-brilliant,1.86,H,VVS2,Excellent,Excellent,Excellent,,,,1399.0,752.15,https://www.vrai.com/diamonds/F602603,2026-04-23T00:42:15Z
2026-04-23,VRAI,round-brilliant,1.87,H,VS1,Excellent,Excellent,Excellent,,,,1409.0,753.48,https://www.vrai.com/diamonds/F548802,2026-04-23T00:42:15Z
2026-04-23,VRAI,round-brilliant,2.17,H,SI1,Excellent,Excellent,Excellent,,,,1413.0,651.15,https://www.vrai.com/diamonds/F525788,2026-04-23T00:42:15Z
2026-04-23,VRAI,round-brilliant,1.88,H,VS1,Excellent,Excellent,Excellent,,,,1419.0,754.79,https://www.vrai.com/diamonds/F550486,2026-04-23T00:42:15Z
2026-04-23,VRAI,round-brilliant,1.89,H,VS1,Excellent,Excellent,Excellent,,,,1429.0,756.08,https://www.vrai.com/diamonds/F540167,2026-04-23T00:42:15Z
2026-04-23,VRAI,round-brilliant,2.2,H,SI1,Excellent,Excellent,Excellent,,,,1438.0,653.64,https://www.vrai.com/diamonds/F559138,2026-04-23T00:42:15Z
2026-04-23,VRAI,round-brilliant,2.37,H,SI1,Excellent,Excellent,Excellent,,,,1441.0,608.02,https://www.vrai.com/diamonds/F544382,2026-04-23T00:42:15Z
2026-04-23,VRAI,round-brilliant,2.13,H,VS2,Excellent,Excellent,Excellent,,,,1447.0,679.34,https://www.vrai.com/diamonds/F9007960,2026-04-23T00:42:15Z
2026-04-23,VRAI,round-brilliant,2.14,H,VS2,Excellent,Excellent,Excellent,,,,1455.0,679.91,https://www.vrai.com/diamonds/F258087,2026-04-23T00:42:15Z
2026-04-23,VRAI,round-brilliant,2.15,H,VS2,Excellent,Excellent,Excellent,,,,1464.0,680.93,https://www.vrai.com/diamonds/F3001040,2026-04-23T00:42:15Z
2026-04-23,VRAI,round-brilliant,2.16,H,VS2,Excellent,Excellent,Excellent,,,,1473.0,681.94,https://www.vrai.com/diamonds/F545202,2026-04-23T00:42:15Z
2026-04-23,VRAI,round-brilliant,2.25,H,SI1,Excellent,Excellent,Excellent,,,,1481.0,658.22,https://www.vrai.com/diamonds/F578433,2026-04-23T00:42:15Z
2026-04-23,VRAI,round-brilliant,2.17,H,VS2,Excellent,Excellent,Excellent,,,,1482.0,682.95,https://www.vrai.com/diamonds/F5035996,2026-04-23T00:42:15Z
2026-04-23,VRAI,round-brilliant,2.26,H,SI1,Excellent,Excellent,Excellent,,,,1490.0,659.29,https://www.vrai.com/diamonds/F529628,2026-04-23T00:42:15Z
2026-04-23,VRAI,round-brilliant,2.18,H,VS2,Excellent,Excellent,Excellent,,,,1491.0,683.94,https://www.vrai.com/diamonds/F5046465,2026-04-23T00:42:15Z
2026-04-23,VRAI,round-brilliant,2.44,H,SI1,Excellent,Excellent,Excellent,,,,1496.0,613.11,https://www.vrai.com/diamonds/F5008435,2026-04-23T00:42:15Z
2026-04-23,VRAI,round-brilliant,2.19,H,VS2,Excellent,Excellent,Excellent,,,,1500.0,684.93,https://www.vrai.com/diamonds/F258259,2026-04-23T00:42:15Z
2026-04-23,VRAI,round-brilliant,1.5,H,SI1,Excellent,,,,,,1500.0,1000.0,https://www.vrai.com/diamonds/F7000060,2026-04-23T00:42:15Z
2026-04-23,VRAI,round-brilliant,2.2,H,VS2,Excellent,Excellent,Excellent,,,,1509.0,685.91,https://www.vrai.com/diamonds/F9009136,2026-04-23T00:42:15Z
2026-04-23,VRAI,round-brilliant,2.13,H,SI1,Ideal+Hearts,Excellent,Excellent,,,,1517.0,712.21,https://www.vrai.com/diamonds/F502758,2026-04-23T00:42:15Z
2026-04-23,VRAI,round-brilliant,2.13,H,VS1,Excellent,Excellent,Excellent,,,,1517.0,712.21,https://www.vrai.com/diamonds/F9004995,2026-04-23T00:42:15Z
2026-04-23,VRAI,round-brilliant,2.21,H,VS2,Excellent,Excellent,Excellent,,,,1518.0,686.88,https://www.vrai.com/diamonds/F5024462,2026-04-23T00:42:15Z
2026-04-23,VRAI,round-brilliant,2.14,H,VS1,Excellent,Excellent,Excellent,,,,1526.0,713.08,https://www.vrai.com/diamonds/F9007295,2026-04-23T00:42:15Z
2026-04-23,VRAI,round-brilliant,2.22,H,VS2,Excellent,Excellent,Excellent,,,,1527.0,687.84,https://www.vrai.com/diamonds/F5022447,2026-04-23T00:42:15Z
2026-04-23,VRAI,round-brilliant,2.23,H,VS2,Excellent,Excellent,Excellent,,,,1535.0,688.34,https://www.vrai.com/diamonds/F9010038,2026-04-23T00:42:15Z
2026-04-23,VRAI,round-brilliant,2.15,H,VS1,Excellent,Excellent,Excellent,,,,1536.0,714.42,https://www.vrai.com/diamonds/F9003702,2026-04-23T00:42:15Z
2026-04-23,VRAI,round-brilliant,2.24,H,VS2,Excellent,Excellent,Excellent,,,,1544.0,689.29,https://www.vrai.com/diamonds/F2000017,2026-04-23T00:42:15Z
2026-04-23,VRAI,round-brilliant,2.16,H,VS1,Excellent,Excellent,Excellent,,,,1545.0,715.28,https://www.vrai.com/diamonds/F9006252,2026-04-23T00:42:15Z
2026-04-23,VRAI,round-brilliant,2.17,H,VS1,Excellent,Excellent,Excellent,,,,1554.0,716.13,https://www.vrai.com/diamonds/F5024672,2026-04-23T00:42:15Z
2026-04-23,VRAI,round-brilliant,2.26,H,VS2,Excellent,Excellent,Excellent,,,,1562.0,691.15,https://www.vrai.com/diamonds/F9004298,2026-04-23T00:42:15Z
2026-04-23,VRAI,round-brilliant,2.18,H,VS1,Excellent,Excellent,Excellent,,,,1564.0,717.43,https://www.vrai.com/diamonds/F258095,2026-04-23T00:42:15Z
2026-04-23,VRAI,round-brilliant,2.35,H,SI1,Excellent,Excellent,Excellent,,,,1567.0,666.81,https://www.vrai.com/diamonds/F556586,2026-04-23T00:42:15Z
2026-04-23,VRAI,round-brilliant,2.27,H,VS2,Excellent,Excellent,Excellent,,,,1571.0,692.07,https://www.vrai.com/diamonds/F50001280,2026-04-23T00:42:15Z
2026-04-23,VRAI,round-brilliant,2.19,H,VS1,Excellent,Excellent,Excellent,,,,1573.0,718.26,https://www.vrai.com/diamonds/F9005824,2026-04-23T00:42:15Z
2026-04-23,VRAI,round-brilliant,2.36,H,SI1,Excellent,Excellent,Excellent,,,,1576.0,667.8,https://www.vrai.com/diamonds/F555645,2026-04-23T00:42:15Z
2026-04-23,VRAI,round-brilliant,2.21,H,VS1,Excellent,Excellent,Excellent,,,,1592.0,720.36,https://www.vrai.com/diamonds/F9005042,2026-04-23T00:42:15Z
2026-04-23,VRAI,round-brilliant,2.38,H,SI1,Excellent,Excellent,Excellent,,,,1593.0,669.33,https://www.vrai.com/diamonds/F544286,2026-04-23T00:42:15Z
2026-04-23,VRAI,round-brilliant,2.22,H,VS1,Excellent,Excellent,Excellent,,,,1601.0,721.17,https://www.vrai.com/diamonds/F5034332,2026-04-23T00:42:15Z
2026-04-23,VRAI,round-brilliant,2.39,H,SI1,Excellent,Excellent,Excellent,,,,1602.0,670.29,https://www.vrai.com/diamonds/F548810,2026-04-23T00:42:15Z
2026-04-23,VRAI,round-brilliant,2.23,H,VS1,Excellent,Excellent,Excellent,,,,1610.0,721.97,https://www.vrai.com/diamonds/F544380,2026-04-23T00:42:15Z
2026-04-23,VRAI,round-brilliant,2.32,H,VS2,Excellent,Excellent,Excellent,,,,1617.0,696.98,https://www.vrai.com/diamonds/F9003880,2026-04-23T00:42:15Z
2026-04-23,VRAI,round-brilliant,2.24,H,VS1,Excellent,Excellent,Excellent,,,,1620.0,723.21,https://www.vrai.com/diamonds/F5035846,2026-04-23T00:42:15Z
2026-04-23,VRAI,round-brilliant,2.16,H,VS2,Excellent,Excellent,Excellent,,,,1620.0,750.0,https://www.vrai.com/diamonds/F540113,2026-04-23T00:42:15Z
2026-04-23,VRAI,round-brilliant,2.33,H,VS2,Excellent,Excellent,Excellent,,,,1626.0,697.85,https://www.vrai.com/diamonds/F5035919,2026-04-23T00:42:15Z
2026-04-23,VRAI,round-brilliant,2.18,H,VS2,Excellent,Excellent,Excellent,,,,1640.0,752.29,https://www.vrai.com/diamonds/F544044,2026-04-23T00:42:15Z
2026-04-23,VRAI,round-brilliant,2.35,H,VS2,Excellent,Excellent,Excellent,,,,1644.0,699.57,https://www.vrai.com/diamonds/F7000193,2026-04-23T00:42:15Z
2026-04-23,VRAI,round-brilliant,2.27,H,VS1,Excellent,Excellent,Excellent,,,,1648.0,725.99,https://www.vrai.com/diamonds/F5008805,2026-04-23T00:42:15Z
2026-04-23,VRAI,round-brilliant,2.19,H,VS2,Excellent,Excellent,Excellent,,,,1650.0,753.42,https://www.vrai.com/diamonds/F532854,2026-04-23T00:42:15Z
2026-04-23,VRAI,round-brilliant,2.36,H,VS2,Excellent,Excellent,Excellent,,,,1653.0,700.42,https://www.vrai.com/diamonds/F9008027,2026-04-23T00:42:15Z
2026-04-23,VRAI,round-brilliant,2.28,H,VS1,Excellent,Excellent,Excellent,,,,1658.0,727.19,https://www.vrai.com/diamonds/F9004248,2026-04-23T00:42:15Z
2026-04-23,VRAI,round-brilliant,2.12,H,VS1,Excellent,Excellent,Excellent,,,,1659.0,782.55,https://www.vrai.com/diamonds/F526557,2026-04-23T00:42:15Z
2026-04-23,VRAI,round-brilliant,2.2,H,VS2,Excellent,Excellent,Excellent,,,,1660.0,754.55,https://www.vrai.com/diamonds/F547350,2026-04-23T00:42:15Z
2026-04-23,VRAI,round-brilliant,2.29,H,VS1,Excellent,Excellent,Excellent,,,,1667.0,727.95,https://www.vrai.com/diamonds/F9004904,2026-04-23T00:42:15Z
2026-04-23,VRAI,round-brilliant,2.21,H,VS2,Excellent,Excellent,Excellent,,,,1669.0,755.2,https://www.vrai.com/diamonds/F800089,2026-04-23T00:42:15Z
2026-04-23,VRAI,round-brilliant,2.13,H,VS1,Excellent,Excellent,Excellent,,,,1669.0,783.57,https://www.vrai.com/diamonds/F524746,2026-04-23T00:42:15Z
2026-04-23,VRAI,round-brilliant,2.38,H,VS2,Excellent,Excellent,Excellent,,,,1671.0,702.1,https://www.vrai.com/diamonds/F5034719,2026-04-23T00:42:15Z
2026-04-23,VRAI,round-brilliant,2.3,H,VS1,Excellent,Excellent,Excellent,,,,1676.0,728.7,https://www.vrai.com/diamonds/F258059,2026-04-23T00:42:15Z
2026-04-23,VRAI,round-brilliant,2.14,H,VS1,Excellent,Excellent,Excellent,,,,1679.0,784.58,https://www.vrai.com/diamonds/F556600,2026-04-23T00:42:15Z
2026-04-23,VRAI,round-brilliant,2.39,H,VS2,Excellent,Excellent,Excellent,,,,1680.0,702.93,https://www.vrai.com/diamonds/F5032658,2026-04-23T00:42:15Z
2026-04-23,VRAI,round-brilliant,2.31,H,VS1,Excellent,Excellent,Excellent,,,,1686.0,729.87,https://www.vrai.com/diamonds/F9004076,2026-04-23T00:42:15Z
2026-04-23,VRAI,round-brilliant,2.4,H,VS2,Excellent,Excellent,Excellent,,,,1689.0,703.75,https://www.vrai.com/diamonds/F5033883,2026-04-23T00:42:15Z
2026-04-23,VRAI,round-brilliant,2.23,H,VS2,Excellent,Excellent,Excellent,,,,1689.0,757.4,https://www.vrai.com/diamonds/F529319,2026-04-23T00:42:15Z
2026-04-23,VRAI,round-brilliant,2.15,H,VS1,Excellent,Excellent,Excellent,,,,1689.0,785.58,https://www.vrai.com/diamonds/F544266,2026-04-23T00:42:15Z
2026-04-23,VRAI,round-brilliant,2.32,H,VS1,Excellent,Excellent,Excellent,,,,1695.0,730.6,https://www.vrai.com/diamonds/F9005367,2026-04-23T00:42:15Z
2026-04-23,VRAI,round-brilliant,2.24,H,VS2,Excellent,Excellent,Excellent,,,,1699.0,758.48,https://www.vrai.com/diamonds/F544268,2026-04-23T00:42:15Z
2026-04-23,VRAI,round-brilliant,2.16,H,VS1,Excellent,Excellent,Excellent,,,,1700.0,787.04,https://www.vrai.com/diamonds/F544371,2026-04-23T00:42:15Z
2026-04-23,VRAI,round-brilliant,2.33,H,VS1,Excellent,Excellent,Excellent,,,,1705.0,731.76,https://www.vrai.com/diamonds/F50000210,2026-04-23T00:42:15Z
2026-04-23,VRAI,round-brilliant,2.42,H,VS2,Excellent,Excellent,Excellent,,,,1708.0,705.79,https://www.vrai.com/diamonds/F800019,2026-04-23T00:42:15Z
2026-04-23,VRAI,round-brilliant,2.25,H,VS2,Excellent,Excellent,Excellent,,,,1709.0,759.56,https://www.vrai.com/diamonds/F560809,2026-04-23T00:42:15Z
2026-04-23,VRAI,round-brilliant,2.17,H,VS1,Excellent,Excellent,Excellent,,,,1710.0,788.02,https://www.vrai.com/diamonds/F532709,2026-04-23T00:42:15Z
2026-04-23,VRAI,round-brilliant,2.34,H,VS1,Excellent,Excellent,Excellent,,,,1714.0,732.48,https://www.vrai.com/diamonds/F9004388,2026-04-23T00:42:15Z
2026-04-23,VRAI,round-brilliant,2.34,H,SI1,Ideal+Hearts,Excellent,Excellent,,,,1714.0,732.48,https://www.vrai.com/diamonds/F518495,2026-04-23T00:42:15Z
2026-04-23,VRAI,round-brilliant,2.26,H,VS2,Excellent,Excellent,Excellent,,,,1719.0,760.62,https://www.vrai.com/diamonds/F528125,2026-04-23T00:42:15Z
2026-04-23,VRAI,round-brilliant,2.18,H,VS1,Excellent,Excellent,Excellent,,,,1720.0,788.99,https://www.vrai.com/diamonds/F542285,2026-04-23T00:42:15Z
2026-04-23,VRAI,round-brilliant,2.27,H,VS2,Excellent,Excellent,Excellent,,,,1729.0,761.67,https://www.vrai.com/diamonds/F555629,2026-04-23T00:42:15Z
2026-04-23,VRAI,round-brilliant,2.45,H,VS2,Excellent,Excellent,Excellent,,,,1735.0,708.16,https://www.vrai.com/diamonds/F9003888,2026-04-23T00:42:15Z
2026-04-23,VRAI,round-brilliant,2.28,H,VS2,Excellent,Excellent,Excellent,,,,1738.0,762.28,https://www.vrai.com/diamonds/F555685,2026-04-23T00:42:15Z
2026-04-23,VRAI,round-brilliant,2.46,H,VS2,Excellent,Excellent,Excellent,,,,1744.0,708.94,https://www.vrai.com/diamonds/F5016761,2026-04-23T00:42:15Z
2026-04-23,VRAI,round-brilliant,2.29,H,VS2,Excellent,Excellent,Excellent,,,,1748.0,763.32,https://www.vrai.com/diamonds/F564136,2026-04-23T00:42:15Z
2026-04-23,VRAI,round-brilliant,2.38,H,VS1,Excellent,Excellent,Excellent,,,,1753.0,736.55,https://www.vrai.com/diamonds/F529584,2026-04-23T00:42:15Z
2026-04-23,VRAI,round-brilliant,2.22,H,VS1,Excellent,Excellent,Excellent,,,,1761.0,793.24,https://www.vrai.com/diamonds/F560877,2026-04-23T00:42:15Z
2026-04-23,VRAI,round-brilliant,2.31,H,VS2,Excellent,Excellent,Excellent,,,,1768.0,765.37,https://www.vrai.com/diamonds/F555635,2026-04-23T00:42:15Z
2026-04-23,VRAI,round-brilliant,2.23,H,VS1,Excellent,Excellent,Excellent,,,,1771.0,794.17,https://www.vrai.com/diamonds/F543216,2026-04-23T00:42:15Z
2026-04-23,VRAI,round-brilliant,2.4,H,VS1,Excellent,Excellent,Excellent,,,,1772.0,738.33,https://www.vrai.com/diamonds/F9007878,2026-04-23T00:42:15Z
2026-04-23,VRAI,round-brilliant,2.32,H,VS2,Excellent,Excellent,Excellent,,,,1778.0,766.38,https://www.vrai.com/diamonds/F1000079,2026-04-23T00:42:15Z
2026-04-23,VRAI,round-brilliant,2.41,H,VS1,Excellent,Excellent,Excellent,,,,1781.0,739.0,https://www.vrai.com/diamonds/F9003876,2026-04-23T00:42:15Z
2026-04-23,VRAI,round-brilliant,2.24,H,VS1,Excellent,Excellent,Excellent,,,,1782.0,795.54,https://www.vrai.com/diamonds/F547561,2026-04-23T00:42:15Z
2026-04-23,VRAI,round-brilliant,2.33,H,VS2,Excellent,Excellent,Excellent,,,,1788.0,767.38,https://www.vrai.com/diamonds/F544280,2026-04-23T00:42:15Z
2026-04-23,VRAI,round-brilliant,2.42,H,VS1,Excellent,Excellent,Excellent,,,,1791.0,740.08,https://www.vrai.com/diamonds/F9008131,2026-04-23T00:42:15Z
2026-04-23,VRAI,round-brilliant,2.34,H,VS2,Excellent,Excellent,Excellent,,,,1798.0,768.38,https://www.vrai.com/diamonds/F544379,2026-04-23T00:42:15Z
2026-04-23,VRAI,round-brilliant,2.43,H,VS1,Excellent,Excellent,Excellent,,,,1801.0,741.15,https://www.vrai.com/diamonds/F5036257,2026-04-23T00:42:15Z
2026-04-23,VRAI,round-brilliant,2.26,H,VS1,Excellent,Excellent,Excellent,,,,1803.0,797.79,https://www.vrai.com/diamonds/F560818,2026-04-23T00:42:15Z
2026-04-23,VRAI,round-brilliant,2.27,H,VS1,Excellent,Excellent,Excellent,,,,1813.0,798.68,https://www.vrai.com/diamonds/F534620,2026-04-23T00:42:15Z
2026-04-23,VRAI,round-brilliant,2.36,H,VS2,Excellent,Excellent,Excellent,,,,1818.0,770.34,https://www.vrai.com/diamonds/F560871,2026-04-23T00:42:15Z
2026-04-23,VRAI,round-brilliant,2.45,H,VS1,Excellent,Excellent,Excellent,,,,1820.0,742.86,https://www.vrai.com/diamonds/F9003679,2026-04-23T00:42:15Z
2026-04-23,VRAI,round-brilliant,2.28,H,VS1,Excellent,Excellent,Excellent,,,,1823.0,799.56,https://www.vrai.com/diamonds/F544275,2026-04-23T00:42:15Z
2026-04-23,VRAI,round-brilliant,2.37,H,VS2,Excellent,Excellent,Excellent,,,,1828.0,771.31,https://www.vrai.com/diamonds/F232825,2026-04-23T00:42:15Z
2026-04-23,VRAI,round-brilliant,2.46,H,VS1,Excellent,Excellent,Excellent,,,,1830.0,743.9,https://www.vrai.com/diamonds/F5033732,2026-04-23T00:42:15Z
2026-04-23,VRAI,round-brilliant,2.38,H,VS2,Excellent,Excellent,Excellent,,,,1838.0,772.27,https://www.vrai.com/diamonds/F539891,2026-04-23T00:42:15Z
2026-04-23,VRAI,round-brilliant,2.47,H,VS1,Excellent,Excellent,Excellent,,,,1839.0,744.53,https://www.vrai.com/diamonds/F7002324,2026-04-23T00:42:15Z
2026-04-23,VRAI,round-brilliant,2.31,H,VS1,Excellent,Excellent,Excellent,,,,1855.0,803.03,https://www.vrai.com/diamonds/F537978,2026-04-23T00:42:15Z
2026-04-23,VRAI,round-brilliant,2.25,H,VS2,Ideal+Hearts,Excellent,Excellent,,,,1880.0,835.56,https://www.vrai.com/diamonds/F549706,2026-04-23T00:42:15Z
2026-04-23,VRAI,round-brilliant,2.36,H,VS1,Excellent,Excellent,Excellent,,,,1907.0,808.05,https://www.vrai.com/diamonds/F537965,2026-04-23T00:42:15Z
2026-04-23,VRAI,round-brilliant,2.37,H,VS1,Excellent,Excellent,Excellent,,,,1917.0,808.86,https://www.vrai.com/diamonds/F544381,2026-04-23T00:42:15Z
2026-04-23,VRAI,round-brilliant,2.38,H,VS1,Excellent,Excellent,Excellent,,,,1928.0,810.08,https://www.vrai.com/diamonds/F546954,2026-04-23T00:42:15Z
2026-04-23,VRAI,round-brilliant,2.39,H,VS1,Excellent,Excellent,Excellent,,,,1938.0,810.88,https://www.vrai.com/diamonds/F533744,2026-04-23T00:42:15Z
2026-04-23,VRAI,round-brilliant,1.91,H,VS1,Excellent,,,,,,2440.0,1277.49,https://www.vrai.com/diamonds/F9006250,2026-04-23T00:42:15Z
